,unixtime,emg0,emg1,emg0_ampl,emg1_ampl,emg0_med,emg1_med
0,0.0,0.0,0.0,0.0,0.0,0.0,0.0
1,1555413428.9104307,535.0,611.0,535.0,611.0,26.75,30.55
2,1555413428.9714653,535.0,619.0,535.0,619.0,53.5,61.5
3,1555413429.0383668,482.0,395.0,535.0,619.0,77.6,81.25
4,1555413429.1162555,496.0,476.0,535.0,619.0,102.4,105.05
5,1555413429.1774352,487.0,448.0,535.0,619.0,126.75,127.45
6,1555413429.249141,515.0,576.0,535.0,619.0,152.5,156.25
7,1555413429.320433,512.0,500.0,535.0,619.0,178.1,181.25
8,1555413429.3820152,503.0,491.0,535.0,619.0,203.25,205.8
9,1555413429.444457,515.0,551.0,535.0,619.0,229.0,233.35
10,1555413429.5092304,495.0,500.0,535.0,619.0,253.75,258.35
11,1555413429.5861754,476.0,344.0,535.0,619.0,277.55,275.55
12,1555413429.6512527,486.0,441.0,535.0,619.0,301.85,297.6
13,1555413429.7149236,493.0,430.0,535.0,619.0,326.5,319.1
14,1555413429.788829,523.0,464.0,535.0,619.0,352.65,342.3
15,1555413429.8535705,517.0,513.0,535.0,619.0,378.5,367.95
16,1555413429.9167104,509.0,525.0,535.0,619.0,403.95,394.2
17,1555413429.9847093,516.0,488.0,535.0,619.0,429.75,418.6
18,1555413430.0493655,528.0,531.0,535.0,619.0,456.15,445.15
19,1555413430.1179945,537.0,542.0,537.0,619.0,483.0,472.25
20,1555413430.1847343,499.0,455.0,61.0,275.0,507.95,495.0
21,1555413430.250563,500.0,528.0,61.0,275.0,506.2,490.85
22,1555413430.3186429,514.0,598.0,61.0,254.0,505.15,489.8
23,1555413430.387992,512.0,693.0,61.0,349.0,506.65,504.7
24,1555413430.4649348,503.0,597.0,61.0,349.0,507.0,510.75
25,1555413430.528894,498.0,444.0,61.0,349.0,507.55,510.55
26,1555413430.603965,479.0,357.0,61.0,349.0,505.75,499.6
27,1555413430.668785,477.0,339.0,61.0,354.0,504.0,491.55
28,1555413430.7319229,478.0,381.0,61.0,354.0,502.75,486.05
29,1555413430.7957764,507.0,414.0,61.0,354.0,502.35,479.2
30,1555413430.8699322,518.0,485.0,61.0,354.0,503.5,478.45
31,1555413430.942073,499.0,605.0,60.0,354.0,504.65,491.5
32,1555413431.0066414,510.0,515.0,60.0,354.0,505.85,495.2
33,1555413431.089348,499.0,539.0,60.0,354.0,506.15,500.65
34,1555413431.162477,483.0,455.0,60.0,354.0,504.15,500.2
35,1555413431.2332532,493.0,442.0,60.0,354.0,502.95,496.65
36,1555413431.3095114,485.0,471.0,60.0,354.0,501.75,493.95
37,1555413431.3787837,527.0,507.0,60.0,354.0,502.3,494.9
38,1555413431.4470596,524.0,452.0,60.0,354.0,502.1,490.95
39,1555413431.5158892,518.0,598.0,50.0,354.0,501.15,493.75
40,1555413431.593122,509.0,498.0,50.0,354.0,501.65,495.9
41,1555413431.6628284,487.0,382.0,50.0,354.0,501.0,488.6
42,1555413431.7286174,496.0,370.0,50.0,354.0,500.1,477.2
43,1555413431.795159,491.0,355.0,50.0,266.0,499.05,460.3
44,1555413431.865739,508.0,393.0,50.0,266.0,499.3,450.1
45,1555413431.9339848,501.0,630.0,50.0,291.0,499.45,459.4
46,1555413432.0039349,517.0,504.0,50.0,291.0,501.35,466.75
47,1555413432.0792556,526.0,517.0,49.0,275.0,503.8,475.65
48,1555413432.1460373,508.0,463.0,44.0,275.0,505.3,479.75
49,1555413432.2220747,536.0,428.0,53.0,275.0,506.75,480.45
50,1555413432.2928963,485.0,382.0,53.0,275.0,505.1,475.3
51,1555413432.3605678,497.0,422.0,53.0,275.0,505.0,466.15
52,1555413432.4251492,517.0,501.0,53.0,275.0,505.35,465.45
53,1555413432.4927948,477.0,431.0,59.0,275.0,504.25,460.05
54,1555413432.5626862,509.0,462.0,59.0,275.0,505.55,460.4
55,1555413432.6374593,509.0,543.0,59.0,275.0,506.35,465.45
56,1555413432.711226,505.0,560.0,59.0,275.0,507.35,469.9
57,1555413432.788423,491.0,494.0,59.0,275.0,505.55,469.25
58,1555413432.8654544,499.0,671.0,59.0,316.0,504.3,480.2
59,1555413432.9321504,509.0,763.0,59.0,408.0,503.85,488.45
60,1555413433.007436,520.0,487.0,59.0,408.0,504.4,487.9
61,1555413433.0809674,520.0,526.0,59.0,408.0,506.05,495.1
62,1555413433.1598494,516.0,432.0,59.0,408.0,507.05,498.2
63,1555413433.235308,506.0,447.0,59.0,381.0,507.8,502.8
64,1555413433.3087792,521.0,424.0,59.0,381.0,508.45,504.35
65,1555413433.377617,537.0,503.0,60.0,381.0,510.25,498.0
66,1555413433.4507778,528.0,648.0,60.0,381.0,510.8,505.2
67,1555413433.533609,517.0,890.0,60.0,508.0,510.35,523.85
68,1555413433.650406,536.0,849.0,60.0,508.0,511.75,543.15
69,1555413433.731807,526.0,359.0,60.0,531.0,511.25,539.7
70,1555413433.8114738,520.0,361.0,60.0,531.0,513.0,538.65
71,1555413433.8911757,484.0,261.0,60.0,629.0,512.35,530.6
72,1555413433.9610443,495.0,263.0,60.0,629.0,511.25,518.7
73,1555413434.0366473,502.0,293.0,53.0,629.0,512.5,511.8
74,1555413434.1141188,488.0,501.0,53.0,629.0,511.45,513.75
75,1555413434.2140179,498.0,502.0,53.0,629.0,510.9,511.7
76,1555413434.2978086,486.0,372.0,53.0,629.0,509.95,502.3
77,1555413434.3666334,472.0,146.0,65.0,744.0,509.0,484.9
78,1555413434.439658,485.0,35.0,65.0,855.0,508.3,453.1
79,1555413434.519671,496.0,106.0,65.0,855.0,507.65,420.25
80,1555413434.599999,516.0,268.0,65.0,855.0,507.45,409.3
81,1555413434.6714134,485.0,271.0,65.0,855.0,505.7,396.55
82,1555413434.7465754,494.0,299.0,65.0,855.0,504.6,389.9
83,1555413434.8208003,506.0,437.0,65.0,855.0,504.6,389.4
84,1555413434.8944938,495.0,334.0,65.0,855.0,503.3,384.9
85,1555413434.9712992,496.0,388.0,64.0,855.0,501.25,379.15
86,1555413435.0564945,482.0,255.0,64.0,855.0,498.95,359.5
87,1555413435.1474662,499.0,320.0,64.0,814.0,498.05,331.0
88,1555413435.2423644,520.0,386.0,54.0,467.0,497.25,307.85
89,1555413435.3309238,559.0,645.0,87.0,610.0,498.9,322.15
90,1555413435.4106853,496.0,553.0,87.0,610.0,497.7,331.75
91,1555413435.4875624,521.0,717.0,87.0,682.0,499.55,354.55
92,1555413435.565807,508.0,682.0,87.0,682.0,500.2,375.5
93,1555413435.6371064,492.0,588.0,87.0,682.0,499.7,390.25
94,1555413435.72099,486.0,594.0,87.0,682.0,499.6,394.9
95,1555413435.798695,522.0,618.0,87.0,682.0,500.8,400.7
96,1555413435.873677,513.0,526.0,87.0,682.0,502.15,408.4
97,1555413435.9482281,496.0,509.0,77.0,682.0,503.35,426.55
98,1555413436.0313935,511.0,539.0,77.0,611.0,504.65,451.75
99,1555413436.1072235,527.0,608.0,77.0,462.0,506.2,476.85
100,1555413436.1849802,522.0,571.0,77.0,462.0,506.5,492.0
101,1555413436.2609942,498.0,563.0,77.0,462.0,507.15,506.6
102,1555413436.333874,511.0,560.0,77.0,462.0,508.0,519.65
103,1555413436.4042866,513.0,584.0,77.0,462.0,508.35,527.0
104,1555413436.469439,548.0,617.0,77.0,462.0,511.0,541.15
105,1555413436.5361152,515.0,549.0,77.0,462.0,511.95,549.2
106,1555413436.6079016,511.0,520.0,73.0,397.0,513.4,562.45
107,1555413436.6846178,501.0,544.0,73.0,331.0,513.5,573.65
108,1555413436.7641392,525.0,517.0,73.0,208.0,513.75,580.2
109,1555413436.8357217,520.0,586.0,62.0,208.0,511.8,577.25
110,1555413436.9174037,536.0,562.0,62.0,208.0,513.8,577.7
111,1555413437.0150268,494.0,519.0,62.0,173.0,512.45,567.8
112,1555413437.1005025,503.0,541.0,62.0,109.0,512.2,560.75
113,1555413437.184591,501.0,506.0,62.0,112.0,512.65,556.65
114,1555413437.2606468,494.0,517.0,54.0,112.0,513.05,552.8
115,1555413437.3381672,498.0,521.0,54.0,111.0,511.85,547.95
116,1555413437.406005,523.0,484.0,54.0,133.0,512.35,545.85
117,1555413437.4741457,512.0,533.0,54.0,133.0,513.15,547.05
118,1555413437.555579,506.0,568.0,54.0,133.0,512.9,548.5
119,1555413437.638797,504.0,513.0,54.0,133.0,511.75,543.75
120,1555413437.7063959,502.0,560.0,54.0,133.0,510.75,543.2
121,1555413437.777282,483.0,494.0,65.0,133.0,510.0,539.75
122,1555413437.8521452,509.0,480.0,65.0,137.0,509.9,535.75
123,1555413437.9215736,514.0,465.0,65.0,152.0,509.95,529.8
124,1555413438.015736,516.0,460.0,53.0,126.0,508.35,521.95
125,1555413438.0919225,508.0,500.0,53.0,126.0,508.0,519.5
126,1555413438.1703749,519.0,466.0,53.0,126.0,508.4,516.8
127,1555413438.2526813,499.0,462.0,53.0,126.0,508.3,512.7
128,1555413438.3229067,505.0,529.0,53.0,126.0,507.3,513.3
129,1555413438.3910935,494.0,451.0,53.0,117.0,506.0,506.55
130,1555413438.4618714,519.0,545.0,40.0,117.0,505.15,505.7
131,1555413438.562966,512.0,508.0,40.0,117.0,506.05,505.15
132,1555413438.6409402,517.0,569.0,40.0,118.0,506.75,506.55
133,1555413438.7241955,513.0,625.0,40.0,174.0,507.35,512.5
134,1555413438.8011281,493.0,512.0,40.0,174.0,507.3,512.25
135,1555413438.8962493,505.0,521.0,40.0,174.0,507.65,512.25
136,1555413438.967159,529.0,550.0,46.0,174.0,507.95,515.55
137,1555413439.0421073,480.0,419.0,49.0,206.0,506.35,509.85
138,1555413439.1232002,515.0,476.0,49.0,206.0,506.8,505.25
139,1555413439.2015142,506.0,484.0,49.0,206.0,506.9,503.8
140,1555413439.2816918,520.0,514.0,49.0,206.0,507.8,501.5
141,1555413439.3579986,506.0,418.0,49.0,207.0,508.95,497.7
142,1555413439.439458,507.0,448.0,49.0,207.0,508.85,496.1
143,1555413439.5157988,514.0,492.0,49.0,207.0,508.85,497.45
144,1555413439.5923665,534.0,587.0,54.0,207.0,509.75,503.8
145,1555413439.6700025,514.0,559.0,54.0,207.0,510.05,506.75
146,1555413439.7521522,510.0,522.0,54.0,207.0,509.6,509.55
147,1555413439.8272982,517.0,624.0,54.0,207.0,510.5,517.65
148,1555413439.8955085,500.0,471.0,54.0,207.0,510.25,514.75
149,1555413439.9717407,515.0,544.0,54.0,207.0,511.3,519.4
150,1555413440.044483,481.0,474.0,54.0,207.0,509.4,515.85
151,1555413440.1167493,507.0,501.0,54.0,207.0,509.15,515.5
152,1555413440.2002401,501.0,474.0,54.0,207.0,508.35,510.75
153,1555413440.2724242,506.0,494.0,54.0,206.0,508.0,504.2
154,1555413440.3401346,489.0,461.0,54.0,206.0,507.8,501.65
155,1555413440.4112034,502.0,495.0,54.0,206.0,507.65,500.35
156,1555413440.48069,503.0,496.0,54.0,206.0,506.35,497.65
157,1555413440.5513759,521.0,554.0,53.0,206.0,508.4,504.4
158,1555413440.624253,503.0,496.0,53.0,206.0,507.8,505.4
159,1555413440.7047167,493.0,470.0,53.0,206.0,507.15,504.7
160,1555413440.795637,509.0,537.0,53.0,206.0,506.6,505.85
161,1555413440.8704333,546.0,512.0,65.0,176.0,508.6,510.55
162,1555413440.946887,477.0,461.0,69.0,163.0,507.1,511.2
163,1555413441.0211835,508.0,569.0,69.0,163.0,506.8,515.05
164,1555413441.1075444,494.0,513.0,69.0,163.0,504.8,511.35
165,1555413441.1921554,478.0,455.0,69.0,169.0,503.0,506.15
166,1555413441.296686,511.0,479.0,69.0,169.0,503.05,504.0
167,1555413441.3749123,548.0,591.0,71.0,136.0,504.6,502.35
168,1555413441.4521003,494.0,410.0,71.0,181.0,504.3,499.3
169,1555413441.5293422,520.0,494.0,71.0,181.0,504.55,496.8
170,1555413441.6133802,513.0,525.0,71.0,181.0,506.15,499.35
171,1555413441.6934335,494.0,484.0,71.0,181.0,505.5,498.5
172,1555413441.7926967,515.0,535.0,71.0,181.0,506.2,501.55
173,1555413441.8709447,506.0,524.0,71.0,181.0,506.2,503.05
174,1555413441.9652708,500.0,519.0,71.0,181.0,506.75,505.95
175,1555413442.0398386,525.0,452.0,71.0,181.0,507.9,503.8
176,1555413442.1207414,504.0,350.0,71.0,241.0,507.95,496.5
177,1555413442.1922917,543.0,354.0,71.0,241.0,509.05,486.5
178,1555413442.2701232,509.0,447.0,71.0,241.0,509.35,484.05
179,1555413442.3450382,513.0,499.0,71.0,241.0,510.35,485.5
180,1555413442.4121566,518.0,604.0,71.0,254.0,510.8,488.85
181,1555413442.4899347,467.0,503.0,81.0,254.0,506.85,488.4
182,1555413442.5621443,491.0,726.0,81.0,376.0,507.55,501.65
183,1555413442.6329541,489.0,736.0,81.0,386.0,506.6,510.0
184,1555413442.7060218,488.0,662.0,81.0,386.0,506.3,517.45
185,1555413442.774154,495.0,596.0,81.0,386.0,507.15,524.5
186,1555413442.8450613,496.0,622.0,81.0,386.0,506.4,531.65
187,1555413442.9155056,498.0,542.0,76.0,386.0,503.9,529.2
188,1555413442.9947505,530.0,448.0,76.0,386.0,505.7,531.1
189,1555413443.070834,491.0,423.0,76.0,386.0,504.25,527.55
190,1555413443.1399596,505.0,493.0,76.0,386.0,503.85,525.95
191,1555413443.2136505,511.0,488.0,76.0,386.0,504.7,526.15
192,1555413443.3017316,520.0,424.0,76.0,386.0,504.95,520.6
193,1555413443.3881474,514.0,394.0,76.0,386.0,505.35,514.1
194,1555413443.460879,527.0,478.0,76.0,386.0,506.7,512.05
195,1555413443.5326297,513.0,434.0,76.0,386.0,506.1,511.15
196,1555413443.6236658,520.0,366.0,76.0,382.0,506.9,511.95
197,1555413443.7246492,505.0,224.0,63.0,512.0,505.0,505.45
198,1555413443.7994225,429.0,101.0,101.0,635.0,501.0,488.15
199,1555413443.8705983,363.0,0.0,167.0,736.0,493.5,463.2
200,1555413443.9647727,516.0,0.0,167.0,736.0,493.4,433.0
201,1555413444.0383227,692.0,0.0,329.0,736.0,504.65,407.85
202,1555413444.1093423,654.0,0.0,329.0,736.0,512.8,371.55
203,1555413444.2143323,726.0,1.0,363.0,662.0,524.65,334.8
204,1555413444.2958229,846.0,474.0,483.0,622.0,542.55,325.4
205,1555413444.3823116,1021.0,933.0,658.0,933.0,568.85,342.25
206,1555413444.470943,1011.0,951.0,658.0,951.0,594.6,358.7
207,1555413444.5510273,708.0,819.0,658.0,951.0,605.1,372.55
208,1555413444.6392875,415.0,657.0,658.0,951.0,599.35,383.0
209,1555413444.7217033,322.0,597.0,699.0,951.0,590.9,391.7
210,1555413444.7970316,431.0,717.0,699.0,951.0,587.2,402.9
211,1555413444.8750217,630.0,708.0,699.0,951.0,593.15,413.9
212,1555413444.9580789,545.0,708.0,699.0,951.0,594.4,428.1
213,1555413445.0442636,424.0,716.0,699.0,951.0,589.9,444.2
214,1555413445.1181545,373.0,596.0,699.0,951.0,582.2,450.1
215,1555413445.1987197,2.0,385.0,1019.0,951.0,556.65,447.65
216,1555413445.284174,1.0,223.0,1020.0,951.0,530.7,440.5
217,1555413445.3690097,0.0,0.0,1021.0,951.0,505.45,429.3
218,1555413445.4454613,1.0,0.0,1021.0,951.0,484.05,424.25
219,1555413445.5137534,147.0,0.0,1021.0,951.0,473.25,424.25
220,1555413445.593743,518.0,0.0,1021.0,951.0,473.35,424.25
221,1555413445.6710033,569.0,246.0,1021.0,951.0,467.2,436.55
222,1555413445.7418933,590.0,603.0,1021.0,951.0,464.0,466.7
223,1555413445.8120775,643.0,838.0,1021.0,951.0,459.85,508.55
224,1555413445.8842838,737.0,1021.0,1021.0,1021.0,454.4,535.9
225,1555413445.9687715,852.0,1022.0,1011.0,1022.0,445.95,540.35
226,1555413446.046361,688.0,1022.0,852.0,1022.0,429.8,543.9
227,1555413446.122829,564.0,1021.0,852.0,1022.0,422.6,554.0
228,1555413446.2131546,486.0,1020.0,852.0,1022.0,426.15,572.15
229,1555413446.2966135,368.0,1021.0,852.0,1022.0,428.45,593.35
230,1555413446.377957,362.0,1021.0,852.0,1022.0,425.0,608.55
231,1555413446.4495113,307.0,1022.0,852.0,1022.0,408.85,624.25
232,1555413446.5239303,317.0,1021.0,852.0,1022.0,397.45,639.9
233,1555413446.6050384,461.0,926.0,852.0,1022.0,399.3,650.4
234,1555413446.6808593,520.0,859.0,852.0,1022.0,406.65,663.55
235,1555413446.7527075,548.0,868.0,852.0,1022.0,433.95,687.7
236,1555413446.8217924,524.0,799.0,852.0,1022.0,460.1,716.5
237,1555413446.9012392,459.0,769.0,851.0,1022.0,483.05,754.95
238,1555413446.9806726,419.0,694.0,705.0,1022.0,503.95,789.65
239,1555413447.0587358,380.0,609.0,545.0,1022.0,515.6,820.1
240,1555413447.128282,420.0,462.0,545.0,776.0,510.7,843.2
241,1555413447.196589,435.0,493.0,545.0,560.0,504.0,855.55
242,1555413447.2682886,435.0,317.0,545.0,705.0,496.25,841.25
243,1555413447.3377302,462.0,234.0,545.0,788.0,487.2,811.05
244,1555413447.4214296,493.0,257.0,545.0,788.0,475.0,772.85
245,1555413447.4900675,525.0,506.0,381.0,788.0,458.65,747.05
246,1555413447.5645614,482.0,512.0,257.0,788.0,448.35,721.55
247,1555413447.6454535,461.0,507.0,241.0,788.0,443.2,695.85
248,1555413447.7285757,532.0,564.0,241.0,788.0,445.5,673.05
249,1555413447.8153272,538.0,469.0,241.0,788.0,454.0,645.45
250,1555413447.891004,528.0,517.0,241.0,788.0,462.3,620.25
251,1555413447.9592736,504.0,495.0,231.0,787.0,472.15,593.9
252,1555413448.0550807,463.0,467.0,168.0,692.0,479.45,566.2
253,1555413448.1299286,480.0,476.0,168.0,634.0,480.4,543.7
254,1555413448.197288,561.0,537.0,181.0,634.0,482.45,527.6
255,1555413448.2635162,521.0,432.0,181.0,565.0,481.1,505.8
256,1555413448.3483987,463.0,439.0,181.0,535.0,478.05,487.8
257,1555413448.4359555,503.0,530.0,181.0,460.0,480.25,475.85
258,1555413448.514638,534.0,543.0,181.0,375.0,486.0,468.3
259,1555413448.5947454,549.0,526.0,141.0,330.0,494.45,464.15
260,1555413448.6695065,557.0,505.0,126.0,330.0,501.3,466.3
261,1555413448.7602658,522.0,562.0,126.0,330.0,505.65,469.75
262,1555413448.8325279,456.0,521.0,105.0,330.0,506.7,479.95
263,1555413448.9113472,424.0,496.0,137.0,307.0,504.8,493.05
264,1555413448.988634,581.0,505.0,157.0,132.0,509.2,505.45
265,1555413449.0771284,549.0,413.0,157.0,151.0,510.4,500.8
266,1555413449.1484382,479.0,374.0,157.0,190.0,510.25,493.9
267,1555413449.2224677,478.0,555.0,157.0,190.0,511.1,496.3
268,1555413449.3175712,522.0,479.0,157.0,188.0,510.6,492.05
269,1555413449.3891547,532.0,441.0,157.0,188.0,510.3,490.65
270,1555413449.477087,523.0,489.0,157.0,188.0,510.05,489.25
271,1555413449.5501993,537.0,488.0,157.0,188.0,511.7,488.9
272,1555413449.6206872,532.0,546.0,157.0,188.0,515.15,492.85
273,1555413449.7208402,505.0,460.0,157.0,188.0,516.4,492.05
274,1555413449.8068688,481.0,508.0,157.0,188.0,512.4,490.6
275,1555413449.8921404,441.0,583.0,157.0,209.0,508.4,498.15
276,1555413449.9727151,530.0,502.0,157.0,209.0,511.75,501.3
277,1555413450.0480826,565.0,554.0,157.0,209.0,514.85,502.5
278,1555413450.117568,556.0,536.0,157.0,209.0,515.95,502.15
279,1555413450.1861727,408.0,410.0,173.0,209.0,508.9,496.35
280,1555413450.2599306,422.0,446.0,173.0,209.0,502.15,493.4
281,1555413450.3611848,519.0,489.0,173.0,209.0,502.0,489.75
282,1555413450.4332256,623.0,510.0,215.0,209.0,510.35,489.2
283,1555413450.5030913,661.0,501.0,253.0,209.0,522.2,489.45
284,1555413450.5795093,564.0,499.0,253.0,209.0,521.35,489.15
285,1555413450.6548393,426.0,582.0,253.0,209.0,515.2,497.6
286,1555413450.7281692,357.0,564.0,304.0,173.0,509.1,507.1
287,1555413450.809226,385.0,490.0,304.0,173.0,504.45,503.85
288,1555413450.8779733,672.0,613.0,315.0,203.0,511.95,510.55
289,1555413450.9454572,517.0,552.0,315.0,203.0,511.2,516.1
290,1555413451.0237446,426.0,459.0,315.0,203.0,506.35,514.6
291,1555413451.11157,491.0,433.0,315.0,203.0,504.05,511.85
292,1555413451.2002115,515.0,509.0,315.0,203.0,503.2,510.0
293,1555413451.2831204,513.0,575.0,315.0,203.0,503.6,515.75
294,1555413451.3715324,500.0,423.0,315.0,203.0,504.55,511.5
295,1555413451.4622972,525.0,546.0,315.0,203.0,508.75,509.65
296,1555413451.537486,560.0,588.0,315.0,203.0,510.25,513.95
297,1555413451.6177652,448.0,409.0,315.0,204.0,504.4,506.7
298,1555413451.6940541,483.0,526.0,315.0,204.0,500.75,506.2
299,1555413451.766547,498.0,472.0,315.0,204.0,505.25,509.3
300,1555413451.833358,583.0,477.0,315.0,204.0,513.3,510.85
301,1555413451.90107,510.0,449.0,315.0,204.0,512.85,508.85
302,1555413451.9694624,428.0,410.0,315.0,204.0,503.1,503.85
303,1555413452.0402985,449.0,493.0,315.0,204.0,492.5,503.45
304,1555413452.1174293,531.0,499.0,315.0,204.0,490.85,503.45
305,1555413452.1932032,540.0,480.0,315.0,204.0,496.55,498.35
306,1555413452.2751088,516.0,552.0,287.0,204.0,504.5,497.75
307,1555413452.3455055,498.0,576.0,246.0,204.0,510.15,502.05
308,1555413452.4220238,480.0,455.0,157.0,179.0,500.55,494.15
309,1555413452.4929304,504.0,436.0,157.0,179.0,499.9,488.35
310,1555413452.567186,485.0,591.0,155.0,182.0,502.85,494.95
311,1555413452.6518388,466.0,459.0,155.0,182.0,501.6,496.25
312,1555413452.7340636,549.0,511.0,155.0,182.0,503.3,496.35
313,1555413452.8120782,521.0,535.0,155.0,182.0,503.7,494.35
314,1555413452.8848102,455.0,439.0,155.0,182.0,501.45,495.15
315,1555413452.9686048,488.0,467.0,155.0,182.0,499.6,491.2
316,1555413453.0525994,555.0,457.0,155.0,182.0,499.35,484.65
317,1555413453.1289117,560.0,468.0,155.0,181.0,504.95,487.6
318,1555413453.201825,484.0,494.0,155.0,181.0,505.0,486.0
319,1555413453.280752,494.0,634.0,155.0,224.0,504.8,494.1
320,1555413453.3525991,497.0,472.0,132.0,224.0,500.5,493.85
321,1555413453.4510002,548.0,440.0,132.0,224.0,502.4,493.4
322,1555413453.519262,467.0,450.0,111.0,198.0,504.35,495.4
323,1555413453.5882826,448.0,472.0,112.0,198.0,504.3,494.35
324,1555413453.6598356,469.0,482.0,112.0,198.0,501.2,493.5
325,1555413453.7378426,520.0,548.0,112.0,198.0,500.2,496.9
326,1555413453.8104007,583.0,493.0,135.0,198.0,503.55,493.95
327,1555413453.8867476,551.0,455.0,135.0,198.0,506.2,487.9
328,1555413453.9606109,501.0,485.0,135.0,198.0,507.25,489.4
329,1555413454.057802,485.0,505.0,135.0,195.0,506.3,492.85
330,1555413454.135296,493.0,448.0,135.0,195.0,506.7,485.7
331,1555413454.2110538,551.0,472.0,135.0,195.0,510.95,486.35
332,1555413454.2811434,535.0,491.0,135.0,195.0,510.25,485.35
333,1555413454.36268,484.0,502.0,135.0,195.0,508.4,483.7
334,1555413454.4445398,491.0,430.0,135.0,204.0,510.2,483.25
335,1555413454.527956,543.0,448.0,135.0,204.0,512.95,482.3
336,1555413454.6167896,488.0,443.0,135.0,204.0,509.6,481.6
337,1555413454.709445,442.0,468.0,141.0,204.0,503.7,481.6
338,1555413454.7816048,488.0,570.0,141.0,204.0,503.9,485.4
339,1555413454.860057,505.0,487.0,141.0,140.0,504.45,478.05
340,1555413454.934434,527.0,588.0,141.0,158.0,505.95,483.85
341,1555413455.0256917,508.0,513.0,141.0,158.0,503.95,487.5
342,1555413455.1021733,518.0,627.0,141.0,197.0,506.5,496.35
343,1555413455.176427,504.0,601.0,141.0,197.0,509.3,502.8
344,1555413455.2509017,532.0,619.0,141.0,197.0,512.45,509.65
345,1555413455.325647,525.0,556.0,141.0,197.0,512.7,510.05
346,1555413455.4000783,506.0,506.0,109.0,197.0,508.85,510.7
347,1555413455.5002823,474.0,569.0,109.0,197.0,505.0,516.4
348,1555413455.5869522,491.0,548.0,109.0,197.0,504.5,519.55
349,1555413455.661811,543.0,610.0,109.0,197.0,507.4,524.8
350,1555413455.74237,538.0,520.0,109.0,197.0,509.65,528.4
351,1555413455.8252404,488.0,506.0,101.0,197.0,506.5,530.1
352,1555413455.9065454,470.0,568.0,101.0,197.0,503.25,533.95
353,1555413455.9786932,527.0,503.0,101.0,197.0,505.4,534.0
354,1555413456.0543144,581.0,528.0,139.0,184.0,509.9,538.9
355,1555413456.1296165,573.0,602.0,139.0,184.0,511.4,546.6
356,1555413456.2074275,460.0,496.0,139.0,159.0,510.0,549.25
357,1555413456.286933,450.0,531.0,131.0,140.0,510.4,552.4
358,1555413456.3647704,588.0,576.0,138.0,140.0,515.4,552.7
359,1555413456.4384847,536.0,543.0,138.0,131.0,516.95,555.5
360,1555413456.5190306,462.0,514.0,138.0,131.0,513.7,551.8
361,1555413456.593844,431.0,472.0,157.0,155.0,509.85,549.75
362,1555413456.6738958,564.0,526.0,157.0,147.0,512.15,544.7
363,1555413456.7603378,591.0,512.0,160.0,147.0,516.5,540.25
364,1555413456.8516753,463.0,542.0,160.0,138.0,513.05,536.4
365,1555413456.9210546,445.0,516.0,160.0,138.0,509.05,534.4
366,1555413457.00037,513.0,525.0,160.0,138.0,509.4,535.35
367,1555413457.074983,558.0,571.0,160.0,138.0,513.6,535.45
368,1555413457.1569827,474.0,538.0,160.0,138.0,512.75,534.95
369,1555413457.2354956,498.0,527.0,160.0,130.0,510.5,530.8
370,1555413457.3083827,533.0,491.0,160.0,130.0,510.25,529.35
371,1555413457.3866744,506.0,514.0,160.0,130.0,511.15,529.75
372,1555413457.4829152,470.0,501.0,160.0,130.0,511.15,526.4
373,1555413457.561333,514.0,501.0,160.0,130.0,510.5,526.3
374,1555413457.6478598,550.0,526.0,160.0,130.0,508.95,526.2
375,1555413457.731233,534.0,470.0,160.0,106.0,507.0,519.6
376,1555413457.8000662,518.0,508.0,160.0,106.0,509.9,520.2
377,1555413457.8748963,496.0,522.0,160.0,106.0,512.2,519.75
378,1555413457.951725,482.0,508.0,160.0,101.0,506.9,516.35
379,1555413458.0439575,493.0,490.0,160.0,101.0,504.75,513.7
380,1555413458.1230533,523.0,507.0,160.0,101.0,507.8,513.35
381,1555413458.1972418,537.0,486.0,146.0,101.0,513.1,514.05
382,1555413458.2689114,496.0,518.0,146.0,101.0,509.7,513.65
383,1555413458.3350408,454.0,485.0,113.0,101.0,502.85,512.3
384,1555413458.4020524,495.0,479.0,113.0,101.0,504.45,509.15
385,1555413458.4933884,528.0,485.0,104.0,101.0,508.6,507.6
386,1555413458.5701616,539.0,521.0,104.0,101.0,509.9,507.4
387,1555413458.656238,482.0,526.0,96.0,68.0,506.1,505.15
388,1555413458.739183,447.0,519.0,103.0,57.0,504.75,504.2
389,1555413458.8136985,495.0,500.0,103.0,56.0,504.6,502.85
390,1555413458.887248,542.0,527.0,103.0,57.0,505.05,504.65
391,1555413458.9576936,568.0,644.0,121.0,174.0,508.15,511.15
392,1555413459.0366273,524.0,499.0,121.0,174.0,510.85,511.05
393,1555413459.1116085,507.0,488.0,121.0,174.0,510.5,510.4
394,1555413459.1876059,520.0,527.0,121.0,174.0,509.0,510.45
395,1555413459.2758307,501.0,525.0,121.0,165.0,507.35,513.2
396,1555413459.3644218,489.0,500.0,121.0,165.0,505.9,512.8
397,1555413459.4390316,549.0,516.0,121.0,165.0,508.55,512.5
398,1555413459.5152826,554.0,478.0,121.0,166.0,512.15,511.0
399,1555413459.5931273,534.0,516.0,121.0,166.0,514.2,512.3
400,1555413459.67596,522.0,590.0,121.0,166.0,514.15,516.45
401,1555413459.7537029,451.0,523.0,121.0,166.0,509.85,518.3
402,1555413459.8221571,523.0,520.0,121.0,166.0,511.2,518.4
403,1555413459.9036598,554.0,572.0,121.0,166.0,516.2,522.75
404,1555413459.9814818,521.0,556.0,121.0,166.0,517.5,526.6
405,1555413460.0560002,496.0,506.0,121.0,166.0,515.9,527.65
406,1555413460.1287687,504.0,485.0,121.0,166.0,514.15,525.85
407,1555413460.2034953,535.0,455.0,121.0,189.0,516.8,522.3
408,1555413460.2782176,474.0,471.0,117.0,189.0,518.15,519.9
409,1555413460.3563783,479.0,479.0,117.0,189.0,517.35,518.85
410,1555413460.4238794,463.0,507.0,117.0,189.0,513.4,517.85
411,1555413460.4923162,468.0,481.0,103.0,135.0,508.4,509.7
412,1555413460.5701761,537.0,472.0,103.0,135.0,509.05,508.35
413,1555413460.6436887,584.0,573.0,133.0,135.0,512.9,512.6
414,1555413460.7327337,467.0,479.0,133.0,135.0,510.25,510.2
415,1555413460.814666,406.0,489.0,178.0,135.0,505.5,508.4
416,1555413460.897329,503.0,541.0,178.0,135.0,506.2,510.45
417,1555413460.974213,564.0,528.0,178.0,135.0,506.95,511.05
418,1555413461.0498512,575.0,493.0,178.0,135.0,508.0,511.8
419,1555413461.1291654,451.0,549.0,178.0,135.0,503.85,513.45
420,1555413461.2121372,441.0,453.0,178.0,120.0,499.8,506.6
421,1555413461.294381,548.0,476.0,178.0,120.0,504.65,504.25
422,1555413461.3695257,589.0,525.0,183.0,120.0,507.95,504.5
423,1555413461.4490454,520.0,506.0,183.0,120.0,506.25,501.2
424,1555413461.5274765,448.0,541.0,183.0,120.0,502.6,500.45
425,1555413461.6120577,548.0,569.0,183.0,120.0,505.2,503.6
426,1555413461.702694,554.0,449.0,183.0,124.0,507.7,501.8
427,1555413461.7807744,472.0,425.0,183.0,148.0,504.55,500.3
428,1555413461.8613517,467.0,449.0,183.0,148.0,504.2,499.2
429,1555413461.9475226,528.0,485.0,183.0,148.0,506.65,499.5
430,1555413462.0192137,569.0,491.0,183.0,148.0,511.95,498.7
431,1555413462.0931604,555.0,517.0,183.0,148.0,516.3,500.5
432,1555413462.1718214,474.0,484.0,183.0,148.0,513.15,501.1
433,1555413462.2425525,430.0,494.0,183.0,144.0,505.45,497.15
434,1555413462.315727,461.0,463.0,183.0,144.0,505.15,496.35
435,1555413462.384477,539.0,519.0,159.0,144.0,511.8,497.85
436,1555413462.4566617,563.0,514.0,159.0,144.0,514.8,496.5
437,1555413462.5297782,536.0,511.0,159.0,144.0,513.4,495.65
438,1555413462.6216445,489.0,487.0,159.0,144.0,509.1,495.35
439,1555413462.7010438,518.0,576.0,159.0,151.0,512.45,496.7
440,1555413462.7866,510.0,439.0,159.0,151.0,515.9,496.0
441,1555413462.869792,478.0,495.0,159.0,151.0,512.4,496.95
442,1555413462.9457643,471.0,521.0,139.0,151.0,506.5,496.75
443,1555413463.0186198,501.0,498.0,139.0,151.0,505.55,496.35
444,1555413463.0913022,562.0,487.0,139.0,151.0,511.25,493.65
445,1555413463.1726043,525.0,531.0,139.0,151.0,510.1,491.75
446,1555413463.2491655,451.0,497.0,139.0,151.0,504.95,494.15
447,1555413463.3219893,453.0,447.0,139.0,137.0,504.0,495.25
448,1555413463.4037273,521.0,453.0,139.0,137.0,506.7,495.45
449,1555413463.4826894,519.0,553.0,139.0,137.0,506.25,498.85
450,1555413463.5614076,515.0,486.0,133.0,137.0,503.55,498.6
451,1555413463.6384997,524.0,511.0,133.0,137.0,502.0,498.3
452,1555413463.7136536,531.0,485.0,133.0,137.0,504.85,498.35
453,1555413463.7965484,505.0,503.0,112.0,137.0,508.6,498.8
454,1555413463.8747497,477.0,544.0,112.0,137.0,509.4,502.85
455,1555413463.9531355,440.0,501.0,123.0,137.0,504.45,501.95
456,1555413464.0295372,524.0,452.0,122.0,137.0,502.5,498.85
457,1555413464.1119094,576.0,478.0,136.0,137.0,504.5,497.2
458,1555413464.2007997,497.0,416.0,136.0,160.0,504.9,493.65
459,1555413464.282318,477.0,432.0,136.0,137.0,502.85,486.45
460,1555413464.3788536,476.0,419.0,136.0,137.0,501.15,485.45
461,1555413464.457415,516.0,331.0,136.0,222.0,503.05,477.25
462,1555413464.5338337,535.0,383.0,136.0,222.0,506.25,470.35
463,1555413464.6180756,471.0,246.0,136.0,307.0,504.75,457.75
464,1555413464.6926184,484.0,218.0,136.0,335.0,500.85,444.3
465,1555413464.7697124,524.0,282.0,136.0,335.0,500.8,431.85
466,1555413464.847796,541.0,389.0,136.0,335.0,505.3,426.45
467,1555413464.9278874,478.0,265.0,136.0,335.0,506.55,417.35
468,1555413465.0138538,508.0,344.0,136.0,335.0,505.9,411.9
469,1555413465.0860105,487.0,330.0,136.0,326.0,504.3,400.75
470,1555413465.1584005,509.0,402.0,136.0,326.0,504.0,396.55
471,1555413465.239128,527.0,384.0,136.0,326.0,504.15,390.2
472,1555413465.3092163,504.0,407.0,136.0,326.0,502.8,386.3
473,1555413465.3980792,486.0,447.0,136.0,326.0,501.85,383.5
474,1555413465.4744804,521.0,573.0,136.0,355.0,504.05,384.95
475,1555413465.5606637,533.0,564.0,105.0,355.0,508.7,388.1
476,1555413465.6409621,516.0,559.0,105.0,355.0,508.3,393.45
477,1555413465.7112012,512.0,606.0,70.0,388.0,505.1,399.85
478,1555413465.7940903,502.0,583.0,70.0,388.0,505.35,408.2
479,1555413465.8886838,510.0,522.0,70.0,388.0,507.0,412.7
480,1555413465.9578342,523.0,556.0,70.0,388.0,509.35,419.55
481,1555413466.045513,501.0,567.0,70.0,388.0,508.6,431.35
482,1555413466.1275933,469.0,516.0,72.0,388.0,505.3,438.0
483,1555413466.2067828,515.0,542.0,72.0,388.0,507.5,452.8
484,1555413466.2758482,513.0,557.0,72.0,341.0,508.95,469.75
485,1555413466.3554504,513.0,675.0,72.0,410.0,508.4,489.4
486,1555413466.4369328,507.0,592.0,64.0,410.0,506.7,499.55
487,1555413466.5075045,507.0,554.0,64.0,345.0,508.15,514.0
488,1555413466.5889246,501.0,615.0,64.0,345.0,507.8,527.55
489,1555413466.6548684,516.0,605.0,64.0,291.0,509.25,541.3
490,1555413466.7411962,514.0,591.0,64.0,291.0,509.5,550.75
491,1555413466.8180442,511.0,559.0,64.0,268.0,508.7,559.5
492,1555413466.89979,509.0,561.0,64.0,228.0,508.95,567.2
493,1555413466.9903667,523.0,690.0,64.0,174.0,510.8,579.35
494,1555413467.0753398,503.0,582.0,64.0,174.0,509.9,579.8
495,1555413467.1438143,503.0,564.0,54.0,174.0,508.4,579.8
496,1555413467.225932,505.0,575.0,54.0,174.0,507.85,580.6
497,1555413467.3027182,518.0,605.0,54.0,174.0,508.15,580.55
498,1555413467.3758461,519.0,577.0,54.0,174.0,509.0,580.25
499,1555413467.4445877,514.0,602.0,54.0,174.0,509.2,584.25
500,1555413467.5326135,494.0,591.0,54.0,174.0,507.75,586.0
501,1555413467.6015265,513.0,592.0,54.0,174.0,508.35,587.25
502,1555413467.6685221,534.0,622.0,40.0,148.0,511.6,592.55
503,1555413467.7559018,528.0,611.0,40.0,136.0,512.25,596.0
504,1555413467.8494172,507.0,588.0,40.0,136.0,511.95,597.55
505,1555413467.9353893,505.0,606.0,40.0,136.0,511.55,594.1
506,1555413468.0237784,520.0,562.0,40.0,136.0,512.2,592.6
507,1555413468.1018023,526.0,541.0,40.0,149.0,513.15,591.95
508,1555413468.1755004,521.0,562.0,40.0,149.0,514.15,589.3
509,1555413468.2547545,528.0,630.0,40.0,149.0,514.75,590.55
510,1555413468.3301032,506.0,544.0,40.0,149.0,514.35,588.2
511,1555413468.412678,523.0,523.0,40.0,167.0,514.95,586.4
512,1555413468.4873545,530.0,539.0,40.0,167.0,516.0,585.3
513,1555413468.5683808,503.0,534.0,40.0,107.0,515.0,577.5
514,1555413468.659262,505.0,506.0,40.0,124.0,515.1,573.7
515,1555413468.7312496,508.0,508.0,40.0,124.0,515.35,570.9
516,1555413468.8104513,521.0,514.0,40.0,124.0,516.15,567.85
517,1555413468.8888144,514.0,480.0,40.0,150.0,515.95,561.6
518,1555413468.9705138,539.0,520.0,45.0,150.0,516.95,558.75
519,1555413469.0533493,496.0,466.0,45.0,164.0,516.05,551.95
520,1555413469.1293027,504.0,475.0,43.0,164.0,516.55,546.15
521,1555413469.197737,517.0,534.0,43.0,164.0,516.75,543.25
522,1555413469.2697172,518.0,544.0,43.0,164.0,515.95,539.35
523,1555413469.3466737,511.0,479.0,43.0,164.0,515.1,532.75
524,1555413469.43031,519.0,502.0,43.0,164.0,515.7,528.45
525,1555413469.5056567,515.0,521.0,43.0,164.0,516.2,524.2
526,1555413469.5807998,511.0,470.0,43.0,164.0,515.75,519.6
527,1555413469.661896,523.0,447.0,43.0,183.0,515.6,514.9
528,1555413469.7361517,515.0,435.0,43.0,195.0,515.3,508.55
529,1555413469.820968,503.0,469.0,43.0,109.0,514.05,500.5
530,1555413469.90514,503.0,442.0,43.0,109.0,513.9,495.4
531,1555413469.9851377,516.0,462.0,43.0,109.0,513.55,492.35
532,1555413470.062386,523.0,481.0,43.0,109.0,513.2,489.45
533,1555413470.1462142,504.0,444.0,43.0,109.0,513.25,484.95
534,1555413470.2440913,508.0,478.0,43.0,109.0,513.4,483.55
535,1555413470.3133137,495.0,472.0,44.0,109.0,512.75,481.75
536,1555413470.3951433,500.0,521.0,44.0,109.0,511.7,482.1
537,1555413470.4719524,493.0,466.0,46.0,109.0,510.65,481.4
538,1555413470.5512238,501.0,475.0,30.0,109.0,508.75,479.15
539,1555413470.6461377,497.0,427.0,30.0,117.0,508.8,477.2
540,1555413470.7425437,500.0,465.0,30.0,117.0,508.6,476.7
541,1555413470.815,488.0,477.0,35.0,117.0,507.15,473.85
542,1555413470.9056885,474.0,498.0,49.0,94.0,504.95,471.55
543,1555413470.9815044,480.0,463.0,49.0,94.0,503.4,470.75
544,1555413471.0533283,498.0,481.0,49.0,94.0,502.35,469.7
545,1555413471.125875,511.0,507.0,49.0,94.0,502.15,469.0
546,1555413471.201642,540.0,602.0,66.0,175.0,503.6,475.6
547,1555413471.2792,488.0,464.0,66.0,175.0,501.85,476.45
548,1555413471.3590252,498.0,460.0,66.0,175.0,501.0,477.7
549,1555413471.4397087,503.0,505.0,66.0,175.0,501.0,479.5
550,1555413471.5142934,514.0,575.0,66.0,175.0,501.55,486.15
551,1555413471.5978756,503.0,523.0,66.0,175.0,500.9,489.2
552,1555413471.673438,505.0,515.0,66.0,175.0,500.0,490.9
553,1555413471.7411199,497.0,504.0,66.0,175.0,499.65,493.9
554,1555413471.8118417,495.0,532.0,66.0,175.0,499.0,496.6
555,1555413471.8952172,519.0,558.0,66.0,175.0,500.2,500.9
556,1555413471.9694839,500.0,534.0,66.0,175.0,500.2,501.55
557,1555413472.0517445,511.0,606.0,66.0,179.0,501.1,508.55
558,1555413472.138046,492.0,594.0,66.0,179.0,500.65,514.5
559,1555413472.2225273,502.0,614.0,66.0,154.0,500.9,523.85
560,1555413472.332211,562.0,525.0,88.0,154.0,504.0,526.85
561,1555413472.4008245,526.0,551.0,88.0,154.0,505.9,530.55
562,1555413472.473245,540.0,619.0,82.0,159.0,509.2,536.6
563,1555413472.548508,534.0,649.0,74.0,189.0,511.9,545.9
564,1555413472.6295838,513.0,512.0,74.0,189.0,512.65,547.45
565,1555413472.7062721,509.0,600.0,74.0,189.0,512.55,552.1
566,1555413472.7756023,505.0,509.0,74.0,189.0,510.8,547.45
567,1555413472.8434865,524.0,508.0,70.0,189.0,512.6,549.65
568,1555413472.9161549,510.0,513.0,70.0,145.0,513.2,552.3
569,1555413473.0057938,529.0,538.0,70.0,145.0,514.5,553.95
570,1555413473.0811977,540.0,542.0,70.0,145.0,515.8,552.3
571,1555413473.1587615,513.0,509.0,70.0,145.0,516.3,551.6
572,1555413473.2297266,502.0,502.0,70.0,147.0,516.15,550.95
573,1555413473.3049939,499.0,548.0,70.0,147.0,516.25,553.15
574,1555413473.385766,498.0,450.0,70.0,199.0,516.4,549.05
575,1555413473.4815984,505.0,570.0,70.0,199.0,515.7,549.65
576,1555413473.5607328,495.0,459.0,70.0,199.0,515.45,545.9
577,1555413473.650546,493.0,456.0,70.0,199.0,514.55,538.4
578,1555413473.7465584,501.0,462.0,69.0,199.0,515.0,531.8
579,1555413473.8425956,508.0,548.0,69.0,199.0,515.3,528.5
580,1555413473.9139233,540.0,588.0,47.0,199.0,514.2,531.65
581,1555413473.9809642,503.0,513.0,47.0,199.0,513.05,529.75
582,1555413474.047054,550.0,646.0,57.0,199.0,513.55,531.1
583,1555413474.1197822,488.0,445.0,62.0,201.0,511.25,520.9
584,1555413474.2004404,515.0,500.0,62.0,201.0,511.35,520.3
585,1555413474.283286,508.0,440.0,62.0,206.0,511.3,512.3
586,1555413474.3607116,500.0,420.0,62.0,226.0,511.05,507.85
587,1555413474.4434433,500.0,456.0,62.0,226.0,509.85,505.25
588,1555413474.5157502,527.0,626.0,62.0,226.0,510.7,510.9
589,1555413474.5821185,517.0,598.0,62.0,226.0,510.1,513.9
590,1555413474.6495948,509.0,505.0,62.0,226.0,508.55,512.05
591,1555413474.7189422,503.0,481.0,62.0,226.0,508.05,510.65
592,1555413474.79557,511.0,540.0,62.0,226.0,508.5,512.55
593,1555413474.8756785,486.0,502.0,64.0,226.0,507.85,510.25
594,1555413474.958366,525.0,578.0,64.0,226.0,509.2,516.65
595,1555413475.0326939,496.0,504.0,64.0,226.0,508.75,513.35
596,1555413475.1108167,512.0,476.0,64.0,226.0,509.6,514.2
597,1555413475.184797,506.0,467.0,64.0,226.0,510.25,514.75
598,1555413475.2581346,538.0,614.0,64.0,226.0,512.1,522.35
599,1555413475.3343806,512.0,498.0,64.0,226.0,512.3,519.85
600,1555413475.4093406,496.0,514.0,64.0,226.0,510.1,516.15
601,1555413475.4852378,504.0,532.0,64.0,226.0,510.15,517.1
602,1555413475.5709221,512.0,538.0,52.0,206.0,508.25,511.7
603,1555413475.648449,501.0,491.0,52.0,206.0,508.9,514.0
604,1555413475.729483,513.0,504.0,52.0,206.0,508.8,514.2
605,1555413475.8157444,492.0,414.0,52.0,212.0,508.0,512.9
606,1555413475.9037452,556.0,619.0,70.0,212.0,510.8,522.85
607,1555413475.9730911,488.0,442.0,70.0,212.0,510.2,522.15
608,1555413476.0387952,494.0,490.0,70.0,205.0,508.55,515.35
609,1555413476.1166995,501.0,542.0,70.0,205.0,507.75,512.55
610,1555413476.1926649,477.0,482.0,79.0,205.0,506.15,511.4
611,1555413476.2708852,493.0,449.0,79.0,205.0,505.65,509.8
612,1555413476.3551116,543.0,631.0,79.0,217.0,507.25,514.35
613,1555413476.4418046,498.0,483.0,79.0,217.0,507.85,513.4
614,1555413476.5196395,509.0,504.0,79.0,217.0,507.05,509.7
615,1555413476.6084414,505.0,508.0,79.0,217.0,507.5,509.9
616,1555413476.6789865,492.0,477.0,79.0,217.0,506.5,509.95
617,1555413476.748146,484.0,446.0,79.0,217.0,505.4,508.9
618,1555413476.8378496,494.0,493.0,79.0,217.0,503.2,502.85
619,1555413476.9094162,511.0,557.0,79.0,217.0,503.15,505.8
620,1555413476.9809306,494.0,513.0,79.0,217.0,503.05,505.75
621,1555413477.0507605,504.0,457.0,79.0,217.0,503.05,502.0
622,1555413477.1181393,496.0,434.0,79.0,217.0,502.25,496.8
623,1555413477.184157,510.0,518.0,79.0,217.0,502.7,498.15
624,1555413477.261797,504.0,563.0,79.0,217.0,502.25,501.1
625,1555413477.3501813,525.0,587.0,79.0,197.0,503.9,509.75
626,1555413477.4390652,499.0,531.0,66.0,197.0,501.05,505.35
627,1555413477.518386,494.0,425.0,66.0,206.0,501.35,504.5
628,1555413477.5922973,495.0,468.0,66.0,206.0,501.4,503.4
629,1555413477.6647253,499.0,466.0,66.0,206.0,501.3,499.6
630,1555413477.751471,504.0,448.0,59.0,206.0,502.65,497.9
631,1555413477.8356388,500.0,487.0,59.0,206.0,503.0,499.8
632,1555413477.903851,513.0,544.0,41.0,162.0,501.5,495.45
633,1555413477.987676,503.0,426.0,41.0,162.0,501.75,492.6
634,1555413478.0655398,507.0,456.0,41.0,162.0,501.65,490.2
635,1555413478.1491365,496.0,447.0,41.0,162.0,501.2,487.15
636,1555413478.228195,494.0,466.0,41.0,162.0,501.3,486.6
637,1555413478.300215,504.0,528.0,31.0,162.0,502.3,490.7
638,1555413478.3771436,510.0,511.0,31.0,162.0,503.1,491.6
639,1555413478.4580944,502.0,539.0,31.0,162.0,502.65,490.7
640,1555413478.5500107,499.0,449.0,31.0,162.0,502.9,487.5
641,1555413478.6239474,517.0,465.0,31.0,162.0,503.55,487.9
642,1555413478.69933,508.0,438.0,31.0,162.0,504.15,488.1
643,1555413478.7742472,499.0,409.0,31.0,178.0,503.6,482.65
644,1555413478.8592036,496.0,447.0,31.0,178.0,503.2,476.85
645,1555413478.9348593,509.0,502.0,23.0,135.0,502.4,472.6
646,1555413479.0096154,491.0,456.0,26.0,135.0,502.0,468.85
647,1555413479.0933526,501.0,443.0,26.0,135.0,502.35,469.75
648,1555413479.1630511,489.0,404.0,28.0,140.0,502.05,466.55
649,1555413479.245873,489.0,397.0,28.0,147.0,501.55,463.1
650,1555413479.320202,499.0,406.0,28.0,147.0,501.3,461.0
651,1555413479.396468,505.0,477.0,28.0,147.0,501.55,460.5
652,1555413479.4744313,496.0,468.0,28.0,142.0,500.7,456.7
653,1555413479.5493915,493.0,468.0,28.0,142.0,500.2,458.8
654,1555413479.62913,484.0,471.0,33.0,142.0,499.05,459.55
655,1555413479.7052085,516.0,577.0,33.0,180.0,500.05,466.05
656,1555413479.786004,520.0,536.0,36.0,180.0,501.35,469.55
657,1555413479.869294,514.0,547.0,36.0,180.0,501.85,470.5
658,1555413479.9550166,550.0,590.0,66.0,193.0,503.85,474.45
659,1555413480.0249505,496.0,437.0,66.0,193.0,503.55,469.35
660,1555413480.0926108,516.0,543.0,66.0,193.0,504.4,474.05
661,1555413480.1859956,525.0,593.0,66.0,196.0,504.8,480.45
662,1555413480.2609956,526.0,615.0,66.0,218.0,505.7,489.3
663,1555413480.3456695,530.0,490.0,66.0,218.0,507.25,493.35
664,1555413480.417688,532.0,547.0,66.0,218.0,509.05,498.35
665,1555413480.4906282,524.0,568.0,66.0,218.0,509.8,501.65
666,1555413480.560627,520.0,570.0,66.0,218.0,511.25,507.35
667,1555413480.6380177,481.0,399.0,69.0,218.0,510.25,505.15
668,1555413480.713784,509.0,516.0,69.0,218.0,511.25,510.75
669,1555413480.7881417,493.0,407.0,69.0,216.0,511.45,511.25
670,1555413480.8655357,515.0,591.0,69.0,216.0,512.25,520.5
671,1555413480.9432292,516.0,477.0,69.0,216.0,512.8,520.5
672,1555413481.020368,509.0,499.0,69.0,216.0,513.45,522.05
673,1555413481.097028,518.0,531.0,69.0,216.0,514.7,525.2
674,1555413481.173355,494.0,466.0,69.0,216.0,515.2,524.95
675,1555413481.264864,494.0,459.0,69.0,216.0,514.1,519.05
676,1555413481.3406773,505.0,520.0,69.0,216.0,513.35,518.25
677,1555413481.414219,530.0,539.0,69.0,216.0,514.15,517.85
678,1555413481.4981594,503.0,459.0,51.0,216.0,511.8,511.3
679,1555413481.572939,489.0,473.0,51.0,216.0,511.45,513.1
680,1555413481.6456304,506.0,540.0,51.0,216.0,510.95,512.95
681,1555413481.736643,511.0,560.0,51.0,216.0,510.25,511.3
682,1555413481.8175611,511.0,523.0,51.0,192.0,509.5,506.7
683,1555413481.9200082,508.0,500.0,51.0,192.0,508.4,507.2
684,1555413482.010283,498.0,423.0,49.0,192.0,506.7,501.0
685,1555413482.0923007,532.0,506.0,51.0,192.0,507.1,497.9
686,1555413482.1672559,503.0,488.0,51.0,192.0,506.25,493.8
687,1555413482.2498646,472.0,384.0,60.0,207.0,505.8,493.05
688,1555413482.338349,501.0,431.0,60.0,207.0,505.4,488.8
689,1555413482.4264772,545.0,597.0,73.0,213.0,508.0,498.3
690,1555413482.5004194,503.0,422.0,73.0,213.0,507.4,489.85
691,1555413482.575562,532.0,586.0,73.0,213.0,508.2,495.3
692,1555413482.6551316,524.0,636.0,73.0,252.0,508.95,502.15
693,1555413482.7394042,518.0,507.0,73.0,252.0,508.95,500.95
694,1555413482.8181849,526.0,578.0,73.0,252.0,510.55,506.55
695,1555413482.895916,528.0,599.0,73.0,252.0,512.25,513.55
696,1555413482.9892578,482.0,477.0,73.0,252.0,511.1,511.4
697,1555413483.0649567,493.0,471.0,73.0,252.0,509.25,508.0
698,1555413483.1536427,533.0,628.0,73.0,252.0,510.75,516.45
699,1555413483.2350252,527.0,445.0,73.0,252.0,512.65,515.05
700,1555413483.3045452,528.0,573.0,73.0,252.0,513.75,516.7
701,1555413483.3949068,525.0,589.0,73.0,252.0,514.45,518.15
702,1555413483.487453,467.0,401.0,78.0,252.0,512.25,512.05
703,1555413483.56261,486.0,512.0,78.0,252.0,511.15,512.65
704,1555413483.6466992,491.0,446.0,78.0,252.0,510.8,513.8
705,1555413483.7213056,464.0,425.0,81.0,252.0,507.4,509.75
706,1555413483.7972937,490.0,437.0,81.0,252.0,506.75,507.2
707,1555413483.8734677,528.0,536.0,81.0,235.0,509.55,514.8
708,1555413483.9518635,522.0,530.0,81.0,235.0,510.6,519.75
709,1555413484.0302515,493.0,430.0,69.0,235.0,508.0,511.4
710,1555413484.121585,505.0,526.0,69.0,235.0,508.1,516.6
711,1555413484.1995366,506.0,534.0,69.0,235.0,506.8,514.0
712,1555413484.2756665,484.0,414.0,69.0,227.0,504.8,502.9
713,1555413484.3510606,509.0,515.0,69.0,227.0,504.35,503.3
714,1555413484.4293373,496.0,515.0,69.0,227.0,502.85,500.15
715,1555413484.4984128,515.0,483.0,69.0,227.0,502.2,494.35
716,1555413484.5760179,513.0,509.0,69.0,227.0,503.75,495.95
717,1555413484.6427522,504.0,513.0,69.0,227.0,504.3,498.05
718,1555413484.7106671,503.0,477.0,64.0,188.0,502.8,490.5
719,1555413484.7797377,492.0,465.0,64.0,188.0,501.05,491.5
720,1555413484.85613,505.0,552.0,64.0,188.0,499.9,490.45
721,1555413484.9319313,490.0,467.0,64.0,151.0,498.15,484.35
722,1555413485.0034423,499.0,462.0,64.0,138.0,499.75,487.4
723,1555413485.0849562,508.0,516.0,64.0,138.0,500.85,487.6
724,1555413485.1651433,508.0,448.0,64.0,138.0,501.7,487.7
725,1555413485.2411654,515.0,522.0,44.0,138.0,504.25,492.55
726,1555413485.3198438,496.0,437.0,44.0,138.0,504.55,492.55
727,1555413485.4029553,488.0,529.0,38.0,138.0,502.55,492.2
728,1555413485.4969232,502.0,534.0,31.0,138.0,501.55,492.4
729,1555413485.5635273,497.0,528.0,31.0,138.0,501.75,497.3
730,1555413485.632053,523.0,461.0,39.0,138.0,502.65,494.05
731,1555413485.7076075,509.0,445.0,39.0,138.0,502.8,489.6
732,1555413485.7947805,508.0,468.0,35.0,115.0,504.0,492.3
733,1555413485.8711905,504.0,500.0,35.0,115.0,503.75,491.55
734,1555413485.9552689,508.0,484.0,35.0,115.0,504.35,490.0
735,1555413486.0482814,503.0,562.0,35.0,125.0,503.75,493.95
736,1555413486.13966,505.0,473.0,35.0,125.0,503.35,492.15
737,1555413486.2071617,509.0,483.0,35.0,125.0,503.6,490.65
738,1555413486.297055,518.0,490.0,35.0,125.0,504.35,491.3
739,1555413486.376383,516.0,434.0,35.0,128.0,505.55,489.75
740,1555413486.4529274,506.0,441.0,35.0,128.0,505.6,484.2
741,1555413486.5294027,488.0,476.0,35.0,128.0,505.5,484.65
742,1555413486.6116557,506.0,477.0,35.0,128.0,505.85,485.4
743,1555413486.6966698,511.0,506.0,35.0,128.0,506.0,484.9
744,1555413486.780554,515.0,492.0,35.0,128.0,506.35,487.1
745,1555413486.8531554,517.0,520.0,35.0,128.0,506.45,487.0
746,1555413486.9345384,515.0,510.0,35.0,128.0,507.4,490.65
747,1555413487.017706,547.0,632.0,59.0,198.0,510.35,495.8
748,1555413487.1014385,504.0,500.0,59.0,198.0,510.45,494.1
749,1555413487.182123,542.0,642.0,59.0,208.0,512.7,499.8
750,1555413487.2601295,508.0,515.0,59.0,208.0,511.95,502.5
751,1555413487.3304026,506.0,507.0,59.0,208.0,511.8,505.6
752,1555413487.4180193,509.0,517.0,59.0,208.0,511.85,508.05
753,1555413487.4955647,555.0,653.0,67.0,219.0,514.4,515.7
754,1555413487.5738282,510.0,501.0,67.0,219.0,514.5,516.55
755,1555413487.650383,525.0,562.0,67.0,219.0,515.6,516.55
756,1555413487.7215266,506.0,458.0,67.0,219.0,515.65,515.8
757,1555413487.7946742,518.0,519.0,67.0,219.0,516.1,517.6
758,1555413487.8776786,500.0,507.0,67.0,219.0,515.2,518.45
759,1555413487.95354,498.0,524.0,67.0,212.0,514.3,522.95
760,1555413488.0300918,510.0,498.0,67.0,195.0,514.5,525.8
761,1555413488.1074653,514.0,509.0,57.0,195.0,515.8,527.45
762,1555413488.1811848,498.0,473.0,57.0,195.0,515.4,527.25
763,1555413488.2548409,500.0,469.0,57.0,195.0,514.85,525.4
764,1555413488.3391805,505.0,530.0,57.0,195.0,514.35,527.3
765,1555413488.414043,491.0,445.0,64.0,208.0,513.05,523.55
766,1555413488.4947445,506.0,492.0,64.0,208.0,512.6,522.65
767,1555413488.5728748,510.0,508.0,64.0,208.0,510.75,516.45
768,1555413488.6510775,509.0,527.0,64.0,208.0,511.0,517.8
769,1555413488.7333977,505.0,516.0,64.0,208.0,509.15,511.5
770,1555413488.805873,500.0,548.0,64.0,208.0,508.75,513.15
771,1555413488.8831751,503.0,582.0,64.0,208.0,508.6,516.9
772,1555413488.9528828,510.0,499.0,64.0,208.0,508.65,516.0
773,1555413489.0294065,503.0,513.0,34.0,137.0,506.05,509.0
774,1555413489.123686,505.0,492.0,34.0,137.0,505.8,508.55
775,1555413489.2166886,560.0,646.0,69.0,201.0,507.55,512.75
776,1555413489.303991,505.0,458.0,69.0,201.0,507.5,512.75
777,1555413489.3974578,506.0,497.0,69.0,201.0,506.9,511.65
778,1555413489.47049,488.0,508.0,72.0,201.0,506.3,511.7
779,1555413489.5491753,508.0,475.0,72.0,201.0,506.8,509.25
780,1555413489.6307411,493.0,502.0,72.0,201.0,505.95,509.45
781,1555413489.7130692,497.0,561.0,72.0,201.0,505.1,512.05
782,1555413489.7914257,496.0,454.0,72.0,201.0,505.0,511.1
783,1555413489.8681154,507.0,471.0,72.0,201.0,505.35,511.2
784,1555413489.9497123,535.0,548.0,72.0,201.0,506.85,512.1
785,1555413490.027485,496.0,492.0,72.0,192.0,507.1,514.45
786,1555413490.1011612,505.0,547.0,72.0,192.0,507.05,517.2
787,1555413490.1846128,500.0,484.0,72.0,192.0,506.55,516.0
788,1555413490.2608159,519.0,558.0,72.0,192.0,507.05,517.55
789,1555413490.3291423,523.0,533.0,72.0,192.0,507.95,518.4
790,1555413490.399803,531.0,479.0,72.0,192.0,509.5,514.95
791,1555413490.4662821,518.0,607.0,72.0,192.0,510.25,516.2
792,1555413490.5490623,494.0,457.0,72.0,192.0,509.45,514.1
793,1555413490.6177232,498.0,489.0,72.0,192.0,509.2,512.9
794,1555413490.7055466,496.0,428.0,72.0,218.0,508.75,509.7
795,1555413490.7745593,509.0,526.0,47.0,179.0,506.2,503.7
796,1555413490.844634,500.0,466.0,47.0,179.0,505.95,504.1
797,1555413490.923864,493.0,504.0,47.0,179.0,505.3,504.45
798,1555413491.0370526,489.0,432.0,46.0,179.0,505.35,500.65
799,1555413491.10974,501.0,499.0,46.0,179.0,505.0,501.85
800,1555413491.2062426,484.0,486.0,51.0,179.0,504.55,501.05
801,1555413491.279482,499.0,467.0,51.0,179.0,504.65,496.35
802,1555413491.3528798,524.0,501.0,51.0,179.0,506.05,498.7
803,1555413491.4328945,486.0,473.0,51.0,179.0,505.0,498.8
804,1555413491.5027564,507.0,509.0,47.0,179.0,503.6,496.85
805,1555413491.5850828,498.0,505.0,47.0,179.0,503.7,497.5
806,1555413491.659604,502.0,491.0,47.0,179.0,503.55,494.7
807,1555413491.7310228,507.0,552.0,47.0,179.0,503.9,498.1
808,1555413491.8036983,501.0,510.0,47.0,179.0,503.0,495.7
809,1555413491.8794565,514.0,506.0,47.0,179.0,502.55,494.35
810,1555413491.9593325,499.0,458.0,40.0,179.0,500.95,493.3
811,1555413492.0440714,517.0,556.0,40.0,128.0,500.9,490.75
812,1555413492.110728,519.0,582.0,40.0,154.0,502.15,497.0
813,1555413492.193324,509.0,459.0,40.0,154.0,502.7,495.5
814,1555413492.2768917,525.0,498.0,41.0,150.0,504.15,499.0
815,1555413492.3554015,509.0,535.0,41.0,150.0,504.15,499.45
816,1555413492.439258,498.0,459.0,41.0,150.0,504.05,499.1
817,1555413492.5174873,508.0,547.0,41.0,150.0,504.8,501.25
818,1555413492.5901105,508.0,563.0,41.0,124.0,505.75,507.8
819,1555413492.663867,515.0,484.0,41.0,124.0,506.45,507.05
820,1555413492.7330184,520.0,465.0,39.0,124.0,508.25,506.0
821,1555413492.80153,498.0,508.0,39.0,124.0,508.2,508.05
822,1555413492.8729796,514.0,516.0,39.0,124.0,507.7,508.8
823,1555413492.9461458,509.0,560.0,27.0,124.0,508.85,513.15
824,1555413493.0285184,516.0,560.0,27.0,124.0,509.3,515.7
825,1555413493.0957246,516.0,522.0,27.0,124.0,510.2,516.55
826,1555413493.178912,550.0,610.0,52.0,152.0,512.6,522.5
827,1555413493.2557142,511.0,487.0,52.0,152.0,512.8,519.25
828,1555413493.3266134,502.0,498.0,52.0,152.0,512.85,518.65
829,1555413493.3942068,525.0,579.0,52.0,152.0,513.4,522.3
830,1555413493.462897,501.0,551.0,52.0,151.0,513.5,526.95
831,1555413493.5319881,509.0,467.0,52.0,151.0,513.1,522.5
832,1555413493.603932,527.0,518.0,52.0,151.0,513.5,519.3
833,1555413493.678708,541.0,594.0,52.0,151.0,515.1,526.05
834,1555413493.7702012,504.0,471.0,52.0,151.0,514.05,524.7
835,1555413493.8552983,497.0,509.0,53.0,151.0,513.45,523.4
836,1555413493.9312136,534.0,614.0,53.0,149.0,515.25,531.15
837,1555413494.0084555,508.0,500.0,53.0,149.0,515.25,528.8
838,1555413494.0771813,524.0,543.0,53.0,149.0,516.05,527.8
839,1555413494.1598756,513.0,543.0,53.0,149.0,515.95,530.75
840,1555413494.2374961,500.0,463.0,53.0,151.0,514.95,530.65
841,1555413494.3146338,515.0,573.0,53.0,151.0,515.8,533.9
842,1555413494.3907173,518.0,536.0,53.0,151.0,516.0,534.9
843,1555413494.4636555,513.0,546.0,53.0,151.0,516.2,534.2
844,1555413494.5495894,502.0,475.0,53.0,151.0,515.5,529.95
845,1555413494.6261506,488.0,426.0,62.0,188.0,514.1,525.15
846,1555413494.6993573,498.0,461.0,53.0,188.0,511.5,517.7
847,1555413494.7828429,494.0,489.0,53.0,188.0,510.65,517.8
848,1555413494.8661845,545.0,610.0,57.0,188.0,512.8,523.4
849,1555413494.9397366,507.0,545.0,57.0,188.0,511.9,521.7
850,1555413495.0112681,498.0,451.0,57.0,188.0,511.75,516.7
851,1555413495.0799043,510.0,647.0,57.0,221.0,511.8,525.7
852,1555413495.1473114,472.0,451.0,73.0,221.0,509.05,522.35
853,1555413495.2180712,506.0,489.0,73.0,221.0,507.3,517.1
854,1555413495.2917914,479.0,528.0,73.0,221.0,506.05,519.95
855,1555413495.3627543,461.0,394.0,84.0,253.0,504.25,514.2
856,1555413495.4333909,489.0,513.0,84.0,253.0,502.0,509.15
857,1555413495.5018387,524.0,599.0,84.0,253.0,502.8,514.1
858,1555413495.6039693,538.0,623.0,84.0,253.0,503.5,518.1
859,1555413495.6824908,507.0,533.0,84.0,253.0,503.2,517.6
860,1555413495.7592344,504.0,471.0,84.0,253.0,503.4,518.0
861,1555413495.8393934,522.0,575.0,84.0,253.0,503.75,518.1
862,1555413495.923609,514.0,601.0,84.0,253.0,503.55,521.35
863,1555413495.993287,505.0,464.0,84.0,253.0,503.15,517.25
864,1555413496.0687227,505.0,409.0,84.0,253.0,503.3,513.95
865,1555413496.1478643,484.0,455.0,84.0,253.0,503.1,515.4
866,1555413496.24495,526.0,552.0,84.0,253.0,504.5,519.95
867,1555413496.3240361,546.0,527.0,85.0,253.0,507.1,521.85
868,1555413496.3932076,513.0,524.0,85.0,253.0,505.5,517.55
869,1555413496.4685197,513.0,524.0,85.0,253.0,505.8,516.5
870,1555413496.555994,486.0,400.0,85.0,253.0,505.2,513.95
871,1555413496.6410122,515.0,493.0,85.0,229.0,505.45,506.25
872,1555413496.7140791,515.0,493.0,85.0,229.0,507.6,508.35
873,1555413496.794663,454.0,272.0,92.0,351.0,505.0,497.5
874,1555413496.8747776,476.0,197.0,92.0,426.0,504.85,480.95
875,1555413496.9486957,486.0,262.0,92.0,426.0,506.1,474.35
876,1555413497.0278618,486.0,262.0,92.0,426.0,505.95,461.8
877,1555413497.1073065,523.0,580.0,92.0,426.0,505.9,460.85
878,1555413497.1851842,486.0,441.0,92.0,404.0,503.3,451.75
879,1555413497.2588227,475.0,337.0,92.0,404.0,501.7,441.95
880,1555413497.332841,454.0,272.0,92.0,404.0,499.2,432.0
881,1555413497.4025111,476.0,197.0,92.0,404.0,496.9,413.1
882,1555413497.4712138,486.0,187.0,92.0,393.0,495.5,392.4
883,1555413497.55885,486.0,262.0,92.0,393.0,494.55,382.3
884,1555413497.645758,483.0,144.0,92.0,436.0,493.45,369.05
885,1555413497.7328496,512.0,181.0,92.0,436.0,494.85,355.35
886,1555413497.8128655,513.0,105.0,92.0,475.0,494.2,333.0
887,1555413497.8891628,547.0,192.0,93.0,475.0,494.25,316.25
888,1555413497.9921093,575.0,287.0,121.0,475.0,497.35,304.4
889,1555413498.0788486,472.0,229.0,121.0,475.0,495.3,289.65
890,1555413498.1685994,496.0,409.0,121.0,475.0,495.8,290.1
891,1555413498.2454839,505.0,525.0,121.0,475.0,495.3,291.7
892,1555413498.3215694,512.0,631.0,121.0,526.0,495.15,298.6
893,1555413498.390186,417.0,742.0,158.0,637.0,493.3,322.1
894,1555413498.4617257,368.0,686.0,207.0,637.0,487.9,346.55
895,1555413498.5303297,424.0,598.0,207.0,637.0,484.8,363.35
896,1555413498.5995173,486.0,433.0,207.0,637.0,484.8,371.9
897,1555413498.6774921,528.0,532.0,207.0,637.0,485.05,369.5
898,1555413498.7502851,498.0,446.0,207.0,637.0,485.65,369.75
899,1555413498.833878,490.0,546.0,207.0,637.0,486.4,380.2
900,1555413498.9282277,478.0,437.0,207.0,637.0,487.6,388.45
901,1555413499.011519,538.0,399.0,207.0,637.0,490.7,398.55
902,1555413499.0800586,622.0,431.0,254.0,637.0,497.5,410.75
903,1555413499.1546586,567.0,236.0,254.0,637.0,501.55,409.45
904,1555413499.2396173,528.0,184.0,254.0,637.0,503.8,411.45
905,1555413499.3437438,510.0,155.0,254.0,637.0,503.7,410.15
906,1555413499.421021,510.0,262.0,254.0,587.0,503.55,418.0
907,1555413499.4957197,476.0,342.0,254.0,587.0,500.0,425.5
908,1555413499.573815,492.0,526.0,254.0,587.0,495.85,437.45
909,1555413499.673965,468.0,486.0,254.0,587.0,495.65,450.3
910,1555413499.7476268,424.0,367.0,254.0,587.0,492.05,448.2
911,1555413499.8279116,437.0,413.0,254.0,587.0,488.65,442.6
912,1555413499.915247,441.0,474.0,254.0,587.0,485.1,434.75
913,1555413499.990272,422.0,494.0,254.0,531.0,485.35,422.35
914,1555413500.0725698,437.0,472.0,200.0,443.0,488.8,411.65
915,1555413500.1420295,534.0,396.0,200.0,391.0,494.3,401.55
916,1555413500.2186646,564.0,294.0,200.0,391.0,498.2,394.6
917,1555413500.2934544,633.0,346.0,211.0,391.0,503.45,385.3
918,1555413500.3670137,542.0,208.0,211.0,391.0,505.65,373.4
919,1555413500.449037,573.0,226.0,211.0,371.0,509.8,357.4
920,1555413500.5344946,502.0,267.0,211.0,371.0,511.0,348.9
921,1555413500.6251528,459.0,337.0,211.0,371.0,507.05,345.8
922,1555413500.7084665,417.0,305.0,216.0,371.0,496.8,339.5
923,1555413500.7821703,400.0,355.0,233.0,371.0,488.45,345.45
924,1555413500.8616073,442.0,507.0,233.0,371.0,484.15,361.6
925,1555413500.9435074,460.0,317.0,233.0,318.0,481.65,369.7
926,1555413501.0313349,461.0,297.0,233.0,318.0,479.2,371.45
927,1555413501.124791,509.0,532.0,233.0,324.0,480.85,380.95
928,1555413501.216861,482.0,485.0,233.0,324.0,480.35,378.9
929,1555413501.2893481,495.0,486.0,233.0,324.0,481.7,378.9
930,1555413501.3587756,495.0,680.0,233.0,472.0,485.25,394.55
931,1555413501.448472,348.0,423.0,285.0,472.0,480.8,395.05
932,1555413501.5508876,506.0,638.0,285.0,472.0,484.05,403.25
933,1555413501.6448407,495.0,719.0,285.0,511.0,487.7,414.5
934,1555413501.7245963,428.0,726.0,285.0,518.0,487.25,427.2
935,1555413501.796625,387.0,828.0,285.0,620.0,479.9,448.8
936,1555413501.874357,431.0,920.0,285.0,712.0,473.25,480.1
937,1555413501.9498487,516.0,1019.0,225.0,811.0,467.4,513.75
938,1555413502.0439138,616.0,883.0,268.0,793.0,471.1,547.5
939,1555413502.1257555,664.0,898.0,316.0,752.0,475.65,581.1
940,1555413502.202373,746.0,899.0,398.0,722.0,487.85,612.7
941,1555413502.269449,794.0,836.0,446.0,722.0,504.6,637.65
942,1555413502.3397183,802.0,726.0,454.0,722.0,523.85,658.7
943,1555413502.4196663,747.0,628.0,454.0,722.0,541.2,672.35
944,1555413502.4935138,660.0,566.0,454.0,722.0,552.1,675.3
945,1555413502.5836315,476.0,451.0,454.0,722.0,552.9,682.0
946,1555413502.6555557,348.0,555.0,454.0,596.0,547.25,694.9
947,1555413502.7267427,211.0,523.0,591.0,596.0,532.35,694.45
948,1555413502.809027,78.0,423.0,724.0,596.0,512.15,691.35
949,1555413502.888397,469.0,593.0,724.0,596.0,510.85,696.7
950,1555413502.966042,484.0,767.0,724.0,596.0,510.3,701.05
951,1555413503.0474908,507.0,921.0,724.0,596.0,518.25,725.95
952,1555413503.1250033,531.0,964.0,724.0,596.0,519.5,742.25
953,1555413503.208153,574.0,786.0,724.0,596.0,523.45,745.6
954,1555413503.2966254,578.0,729.0,724.0,596.0,530.95,745.75
955,1555413503.3744235,576.0,608.0,724.0,596.0,540.4,734.75
956,1555413503.4508111,545.0,479.0,724.0,596.0,546.1,712.7
957,1555413503.5296617,616.0,580.0,724.0,541.0,551.1,690.75
958,1555413503.601979,627.0,568.0,724.0,541.0,551.65,675.0
959,1555413503.6877456,624.0,464.0,724.0,541.0,549.65,653.3
960,1555413503.7754853,535.0,396.0,724.0,568.0,539.1,628.15
961,1555413503.8601525,304.0,392.0,724.0,572.0,514.6,605.95
962,1555413503.929716,310.0,469.0,669.0,572.0,490.0,593.1
963,1555413504.0189872,527.0,616.0,582.0,572.0,479.0,592.5
964,1555413504.105938,467.0,528.0,549.0,572.0,469.35,590.6
965,1555413504.1807883,507.0,764.0,549.0,572.0,470.9,606.25
966,1555413504.249325,518.0,527.0,549.0,572.0,479.4,604.85
967,1555413504.329181,559.0,857.0,549.0,572.0,496.8,621.55
968,1555413504.4034188,520.0,690.0,323.0,572.0,518.9,634.9
969,1555413504.479347,548.0,615.0,323.0,572.0,522.85,636.0
970,1555413504.5597744,573.0,653.0,323.0,572.0,527.3,630.3
971,1555413504.6352224,590.0,505.0,323.0,572.0,531.45,609.5
972,1555413504.713459,618.0,412.0,323.0,465.0,535.8,581.9
973,1555413504.792149,644.0,440.0,340.0,465.0,539.3,564.6
974,1555413504.877841,629.0,280.0,340.0,577.0,541.85,542.15
975,1555413504.9585323,559.0,284.0,340.0,577.0,541.0,525.95
976,1555413505.0374196,403.0,176.0,340.0,681.0,533.9,510.8
977,1555413505.1153808,372.0,212.0,340.0,681.0,521.7,492.4
978,1555413505.1973553,477.0,327.0,340.0,681.0,514.2,480.35
979,1555413505.2814682,501.0,420.0,340.0,681.0,508.05,478.15
980,1555413505.358491,495.0,531.0,340.0,681.0,506.05,484.9
981,1555413505.43385,505.0,477.0,334.0,681.0,516.1,489.15
982,1555413505.5143778,495.0,598.0,272.0,681.0,525.35,495.6
983,1555413505.61799,499.0,673.0,272.0,681.0,523.95,498.45
984,1555413505.6936595,536.0,727.0,272.0,681.0,527.4,508.4
985,1555413505.7668602,596.0,787.0,272.0,681.0,531.85,509.55
986,1555413505.8593316,560.0,548.0,272.0,681.0,533.95,510.6
987,1555413505.9347289,580.0,448.0,272.0,611.0,535.0,490.15
988,1555413506.011168,567.0,412.0,272.0,611.0,537.35,476.25
989,1555413506.0810423,521.0,325.0,272.0,611.0,536.0,461.75
990,1555413506.1491492,481.0,271.0,272.0,611.0,531.4,442.65
991,1555413506.2144597,416.0,295.0,272.0,611.0,522.7,432.15
992,1555413506.2811735,449.0,333.0,272.0,611.0,514.25,428.2
993,1555413506.3503377,506.0,280.0,257.0,611.0,507.35,420.2
994,1555413506.4249985,538.0,442.0,224.0,611.0,502.8,428.3
995,1555413506.4970982,480.0,462.0,224.0,611.0,498.85,437.2
996,1555413506.5762424,483.0,554.0,224.0,575.0,502.85,456.1
997,1555413506.6493878,539.0,751.0,180.0,516.0,511.2,483.05
998,1555413506.7163064,609.0,787.0,193.0,516.0,517.8,506.05
999,1555413506.7865727,597.0,571.0,193.0,516.0,522.6,513.6
1000,1555413506.8714416,605.0,429.0,193.0,516.0,528.1,508.5
1001,1555413506.9488668,586.0,478.0,193.0,516.0,532.15,508.55
1002,1555413507.03685,560.0,290.0,193.0,516.0,535.4,493.15
1003,1555413507.1174583,432.0,309.0,193.0,516.0,532.05,474.95
1004,1555413507.2000842,292.0,156.0,317.0,631.0,519.85,446.4
1005,1555413507.2760952,339.0,281.0,317.0,631.0,507.0,421.1
1006,1555413507.3456218,451.0,268.0,317.0,631.0,501.55,407.1
1007,1555413507.4125545,501.0,536.0,317.0,631.0,497.6,411.5
1008,1555413507.4812508,472.0,727.0,317.0,631.0,492.85,427.25
1009,1555413507.5593581,454.0,583.0,317.0,631.0,489.5,440.15
1010,1555413507.6328373,504.0,623.0,317.0,631.0,490.65,457.75
1011,1555413507.7049398,566.0,878.0,317.0,722.0,498.15,486.9
1012,1555413507.7858992,588.0,842.0,317.0,722.0,505.1,512.35
1013,1555413507.8728077,651.0,711.0,359.0,722.0,512.35,533.9
1014,1555413507.9550333,671.0,562.0,379.0,722.0,519.0,539.9
1015,1555413508.0256553,677.0,558.0,385.0,722.0,528.85,544.7
1016,1555413508.1003973,567.0,48.0,385.0,830.0,533.05,519.4
1017,1555413508.1732423,540.0,254.0,385.0,830.0,533.1,494.55
1018,1555413508.2466161,466.0,292.0,385.0,830.0,525.95,469.8
1019,1555413508.322842,389.0,172.0,385.0,830.0,515.55,449.85
1020,1555413508.3987436,306.0,254.0,385.0,830.0,500.6,441.1
1021,1555413508.499057,486.0,554.0,385.0,830.0,495.6,444.9
1022,1555413508.5763443,434.0,597.0,385.0,830.0,489.3,460.25
