,unixtime,emg0,emg1,emg2,emg0_ampl,emg1_ampl,emg2_ampl,emg0_med,emg1_med
0,1555416377.3916578,529.0,498.0,509.0,35.0,59.0,90.0,511.5,506.45
1,1555416377.4541936,517.0,521.0,529.0,35.0,59.0,90.0,511.8,507.55
2,1555416377.5195045,510.0,495.0,507.0,35.0,59.0,90.0,511.4,507.6
3,1555416377.5850012,483.0,517.0,512.0,46.0,59.0,90.0,510.1,508.75
4,1555416377.658378,512.0,513.0,535.0,46.0,47.0,90.0,510.35,507.15
5,1555416377.7263904,510.0,506.0,533.0,46.0,47.0,77.0,511.15,507.4
6,1555416377.7922833,502.0,498.0,518.0,46.0,47.0,75.0,510.75,506.35
7,1555416377.870587,505.0,510.0,529.0,46.0,47.0,48.0,510.55,506.8
8,1555416377.9463885,520.0,507.0,510.0,46.0,47.0,48.0,511.15,507.1
9,1555416378.0092661,485.0,506.0,506.0,46.0,47.0,48.0,509.85,507.65
10,1555416378.074412,510.0,492.0,499.0,46.0,47.0,49.0,509.75,507.05
11,1555416378.1378052,508.0,514.0,546.0,46.0,47.0,47.0,509.35,507.85
12,1555416378.2012432,510.0,515.0,516.0,46.0,47.0,47.0,509.35,508.65
13,1555416378.2670784,509.0,545.0,514.0,46.0,59.0,47.0,509.9,511.1
14,1555416378.332738,506.0,537.0,535.0,46.0,59.0,47.0,509.9,512.1
15,1555416378.3960354,501.0,489.0,512.0,46.0,59.0,47.0,508.6,510.5
16,1555416378.476679,511.0,515.0,515.0,46.0,59.0,47.0,508.55,509.6
17,1555416378.5478532,527.0,510.0,541.0,46.0,59.0,47.0,509.75,509.6
18,1555416378.616197,540.0,496.0,495.0,57.0,59.0,51.0,510.5,508.5
19,1555416378.6972075,504.0,498.0,505.0,57.0,56.0,51.0,509.95,509.1
20,1555416378.7669027,499.0,516.0,522.0,57.0,56.0,51.0,508.45,510.0
21,1555416378.8308253,522.0,468.0,506.0,57.0,77.0,51.0,508.7,507.35
22,1555416378.899279,523.0,515.0,502.0,57.0,77.0,51.0,509.35,508.35
23,1555416378.969073,524.0,527.0,513.0,55.0,77.0,51.0,511.4,508.85
24,1555416379.041123,517.0,516.0,497.0,55.0,77.0,51.0,511.65,509.0
25,1555416379.1131833,496.0,525.0,499.0,55.0,77.0,51.0,510.95,509.95
26,1555416379.1857893,515.0,496.0,521.0,55.0,77.0,51.0,511.6,509.85
27,1555416379.2550251,504.0,534.0,502.0,55.0,77.0,51.0,511.55,511.05
28,1555416379.3314002,509.0,540.0,525.0,55.0,77.0,51.0,511.0,512.7
29,1555416379.4005868,479.0,520.0,515.0,61.0,77.0,51.0,510.7,513.4
30,1555416379.4737606,513.0,516.0,524.0,61.0,77.0,51.0,510.85,514.6
31,1555416379.5436494,517.0,491.0,477.0,61.0,77.0,64.0,511.3,513.45
32,1555416379.6131237,514.0,505.0,514.0,61.0,77.0,64.0,511.5,512.95
33,1555416379.6837575,497.0,486.0,514.0,61.0,72.0,64.0,510.9,510.0
34,1555416379.7548544,506.0,516.0,511.0,61.0,72.0,64.0,510.9,508.95
35,1555416379.8339067,500.0,506.0,492.0,61.0,72.0,64.0,510.85,509.8
36,1555416379.9042869,538.0,515.0,505.0,61.0,72.0,64.0,512.2,509.8
37,1555416379.9766624,523.0,532.0,515.0,61.0,72.0,48.0,512.0,510.9
38,1555416380.050259,498.0,491.0,505.0,59.0,72.0,48.0,509.9,510.65
39,1555416380.1246295,501.0,517.0,515.0,59.0,72.0,48.0,509.75,511.6
40,1555416380.1968336,513.0,508.0,515.0,59.0,72.0,48.0,510.45,511.2
41,1555416380.2699125,511.0,509.0,488.0,59.0,54.0,48.0,509.9,513.25
42,1555416380.3401937,531.0,492.0,505.0,59.0,54.0,48.0,510.3,512.1
43,1555416380.4211724,515.0,482.0,504.0,59.0,58.0,48.0,509.85,509.85
44,1555416380.4903698,513.0,554.0,506.0,59.0,72.0,48.0,509.65,511.75
45,1555416380.5565479,496.0,489.0,497.0,59.0,72.0,48.0,509.65,509.95
46,1555416380.6389263,521.0,493.0,521.0,59.0,72.0,48.0,509.95,509.8
47,1555416380.7200334,491.0,498.0,500.0,59.0,72.0,48.0,509.3,508.0
48,1555416380.7949004,516.0,500.0,486.0,59.0,72.0,47.0,509.65,506.0
49,1555416380.8651633,498.0,522.0,529.0,47.0,72.0,52.0,510.6,506.1
50,1555416380.9466958,513.0,537.0,532.0,47.0,72.0,55.0,510.6,507.15
51,1555416381.0210834,517.0,543.0,495.0,47.0,72.0,46.0,510.6,509.75
52,1555416381.1002853,499.0,514.0,503.0,47.0,72.0,46.0,509.85,510.2
53,1555416381.1778533,517.0,498.0,511.0,47.0,72.0,46.0,510.85,510.8
54,1555416381.256666,508.0,511.0,492.0,47.0,72.0,46.0,510.95,510.55
55,1555416381.3434713,510.0,508.0,524.0,47.0,72.0,46.0,511.45,510.65
56,1555416381.4124243,477.0,515.0,528.0,54.0,72.0,46.0,508.4,510.65
57,1555416381.486575,507.0,528.0,525.0,54.0,72.0,46.0,507.6,510.45
58,1555416381.5587647,502.0,506.0,505.0,54.0,72.0,46.0,507.8,511.2
59,1555416381.6543045,511.0,519.0,503.0,54.0,72.0,46.0,508.3,511.3
60,1555416381.7480335,515.0,503.0,510.0,54.0,72.0,46.0,508.4,511.05
61,1555416381.8274627,515.0,529.0,520.0,54.0,72.0,46.0,508.6,512.05
62,1555416381.9065185,514.0,479.0,498.0,44.0,75.0,46.0,507.75,511.4
63,1555416381.9846816,515.0,480.0,496.0,44.0,75.0,46.0,507.75,511.3
64,1555416382.0712721,523.0,513.0,517.0,46.0,64.0,46.0,508.25,509.25
65,1555416382.1606302,500.0,512.0,487.0,46.0,64.0,46.0,508.45,510.4
66,1555416382.2371454,498.0,502.0,481.0,46.0,64.0,51.0,507.3,510.85
67,1555416382.3152583,511.0,521.0,507.0,46.0,64.0,51.0,508.3,512.0
68,1555416382.3985755,520.0,548.0,510.0,46.0,69.0,51.0,508.5,514.4
69,1555416382.4885895,515.0,503.0,493.0,46.0,69.0,51.0,509.35,513.45
70,1555416382.5646513,507.0,510.0,496.0,46.0,69.0,47.0,509.05,512.1
71,1555416382.6432657,508.0,500.0,511.0,46.0,69.0,47.0,508.6,509.95
72,1555416382.7212398,495.0,501.0,512.0,46.0,69.0,47.0,508.4,509.3
73,1555416382.7993805,522.0,512.0,528.0,46.0,69.0,47.0,508.65,510.0
74,1555416382.9171755,499.0,523.0,503.0,46.0,69.0,47.0,508.2,510.6
75,1555416382.9905975,506.0,505.0,502.0,46.0,69.0,47.0,508.0,510.45
76,1555416383.0622654,506.0,556.0,524.0,28.0,77.0,47.0,509.45,512.5
77,1555416383.1380935,512.0,523.0,510.0,28.0,77.0,47.0,509.7,512.25
78,1555416383.221172,499.0,486.0,520.0,28.0,77.0,47.0,509.55,511.25
79,1555416383.3011992,500.0,501.0,514.0,28.0,77.0,47.0,509.0,510.35
80,1555416383.386362,511.0,503.0,494.0,28.0,77.0,47.0,508.8,510.35
81,1555416383.4702399,517.0,502.0,497.0,28.0,77.0,47.0,508.9,509.0
82,1555416383.543735,513.0,486.0,519.0,28.0,76.0,47.0,508.85,509.35
83,1555416383.6130517,507.0,489.0,492.0,28.0,70.0,47.0,508.45,509.8
84,1555416383.6864681,501.0,535.0,506.0,27.0,70.0,47.0,507.35,510.9
85,1555416383.7591126,503.0,494.0,510.0,27.0,70.0,47.0,507.5,510.0
86,1555416383.8327184,506.0,496.0,490.0,27.0,70.0,38.0,507.9,509.7
87,1555416383.9006598,491.0,513.0,516.0,31.0,70.0,38.0,506.9,509.3
88,1555416383.9728734,513.0,483.0,521.0,31.0,73.0,38.0,506.55,506.05
89,1555416384.047719,513.0,513.0,516.0,31.0,73.0,38.0,506.45,506.55
90,1555416384.1324553,520.0,497.0,483.0,31.0,73.0,45.0,507.1,505.9
91,1555416384.2201247,491.0,528.0,524.0,31.0,73.0,45.0,506.25,507.3
92,1555416384.2913744,496.0,521.0,533.0,31.0,73.0,50.0,506.3,508.3
93,1555416384.3760073,505.0,515.0,512.0,29.0,73.0,50.0,505.45,508.45
94,1555416384.4690936,509.0,515.0,527.0,29.0,73.0,50.0,505.95,508.05
95,1555416384.5469272,503.0,532.0,517.0,29.0,73.0,50.0,505.8,509.4
96,1555416384.6171534,500.0,503.0,515.0,29.0,52.0,50.0,505.5,506.75
97,1555416384.6987777,508.0,539.0,518.0,29.0,56.0,50.0,505.3,507.55
98,1555416384.7757833,511.0,499.0,505.0,29.0,56.0,50.0,505.9,508.2
99,1555416384.8528047,500.0,533.0,532.0,29.0,56.0,50.0,505.9,509.8
100,1555416384.9318507,499.0,504.0,515.0,29.0,56.0,50.0,505.3,509.85
101,1555416385.0139217,515.0,473.0,531.0,29.0,66.0,50.0,505.2,508.4
102,1555416385.0883489,523.0,512.0,524.0,32.0,66.0,50.0,505.7,509.7
103,1555416385.1657841,509.0,506.0,527.0,32.0,66.0,50.0,505.8,510.55
104,1555416385.2378757,498.0,536.0,524.0,32.0,66.0,50.0,505.65,510.6
105,1555416385.3203702,522.0,492.0,506.0,32.0,66.0,50.0,506.6,510.5
106,1555416385.4008563,516.0,512.0,527.0,32.0,66.0,50.0,507.1,511.3
107,1555416385.4793503,509.0,520.0,516.0,32.0,66.0,50.0,508.0,511.65
108,1555416385.5516293,490.0,512.0,485.0,33.0,66.0,50.0,506.85,513.1
109,1555416385.6334515,521.0,515.0,495.0,33.0,66.0,50.0,507.25,513.2
110,1555416385.7062168,511.0,509.0,484.0,33.0,66.0,49.0,506.8,513.8
111,1555416385.7867951,518.0,524.0,517.0,33.0,66.0,49.0,508.15,513.6
112,1555416385.8656557,508.0,493.0,519.0,33.0,66.0,48.0,508.75,512.2
113,1555416385.934283,519.0,498.0,535.0,33.0,66.0,51.0,509.45,511.35
114,1555416386.011106,495.0,502.0,498.0,33.0,66.0,51.0,508.75,510.7
115,1555416386.0908775,492.0,518.0,529.0,33.0,66.0,51.0,508.2,510.0
116,1555416386.160878,530.0,505.0,525.0,40.0,66.0,51.0,509.7,510.1
117,1555416386.2330208,521.0,498.0,525.0,40.0,63.0,51.0,510.35,508.05
118,1555416386.305529,517.0,493.0,505.0,40.0,63.0,51.0,510.65,507.75
119,1555416386.3916674,510.0,505.0,485.0,40.0,63.0,51.0,511.15,506.35
120,1555416386.490287,508.0,507.0,517.0,40.0,63.0,51.0,511.6,506.5
121,1555416386.5694644,496.0,501.0,511.0,40.0,44.0,51.0,510.65,507.9
122,1555416386.6442754,523.0,508.0,517.0,40.0,44.0,51.0,510.65,507.7
123,1555416386.7194254,513.0,509.0,506.0,40.0,44.0,51.0,510.85,507.85
124,1555416386.7986631,501.0,517.0,492.0,40.0,32.0,51.0,511.0,506.9
125,1555416386.8712626,537.0,501.0,483.0,47.0,31.0,52.0,511.75,507.35
126,1555416386.9490244,518.0,547.0,531.0,47.0,54.0,52.0,511.85,509.1
127,1555416387.025987,512.0,505.0,517.0,47.0,54.0,52.0,512.0,508.35
128,1555416387.1015902,505.0,506.0,495.0,45.0,54.0,52.0,512.75,508.05
129,1555416387.187604,525.0,509.0,516.0,45.0,54.0,52.0,512.95,507.75
130,1555416387.260279,513.0,505.0,518.0,45.0,54.0,52.0,513.05,507.55
131,1555416387.340037,525.0,503.0,487.0,45.0,54.0,52.0,513.4,506.5
132,1555416387.422928,499.0,507.0,507.0,45.0,54.0,52.0,512.95,507.2
133,1555416387.5136843,509.0,509.0,501.0,45.0,54.0,48.0,512.45,507.75
134,1555416387.5908175,525.0,524.0,492.0,45.0,54.0,48.0,513.95,508.85
135,1555416387.6734648,521.0,490.0,482.0,41.0,57.0,49.0,515.4,507.45
136,1555416387.750557,517.0,517.0,496.0,41.0,57.0,49.0,514.75,508.05
137,1555416387.840314,513.0,520.0,487.0,41.0,57.0,49.0,514.35,509.15
138,1555416387.9168346,500.0,505.0,507.0,41.0,57.0,49.0,513.5,509.75
139,1555416388.004243,512.0,490.0,478.0,41.0,57.0,53.0,513.6,509.0
140,1555416388.077435,487.0,516.0,488.0,50.0,57.0,53.0,512.55,509.45
141,1555416388.1511748,520.0,492.0,488.0,50.0,57.0,53.0,513.75,509.0
142,1555416388.2221625,510.0,512.0,496.0,50.0,57.0,53.0,513.1,509.2
143,1555416388.3072212,509.0,536.0,466.0,50.0,57.0,65.0,512.9,510.55
144,1555416388.385983,488.0,501.0,505.0,50.0,57.0,65.0,512.25,509.75
145,1555416388.458866,522.0,490.0,507.0,38.0,57.0,65.0,511.5,509.2
146,1555416388.5287175,515.0,499.0,524.0,38.0,46.0,58.0,511.35,506.8
147,1555416388.5982728,516.0,514.0,534.0,38.0,46.0,68.0,511.55,507.25
148,1555416388.6726313,521.0,509.0,516.0,38.0,46.0,68.0,512.35,507.4
149,1555416388.7537875,486.0,498.0,523.0,39.0,46.0,68.0,510.4,506.85
150,1555416388.8249075,494.0,520.0,526.0,39.0,46.0,68.0,509.45,507.6
151,1555416388.8962595,511.0,520.0,551.0,39.0,46.0,85.0,508.75,508.45
152,1555416388.976699,518.0,526.0,527.0,39.0,46.0,85.0,509.7,509.4
153,1555416389.063157,509.0,531.0,534.0,39.0,46.0,85.0,509.7,510.5
154,1555416389.152049,514.0,505.0,510.0,36.0,46.0,85.0,509.15,509.55
155,1555416389.224698,502.0,516.0,496.0,36.0,46.0,85.0,508.2,510.85
156,1555416389.2944064,512.0,489.0,478.0,36.0,47.0,85.0,507.95,509.45
157,1555416389.3685875,488.0,499.0,485.0,36.0,47.0,85.0,506.7,508.4
158,1555416389.4410102,502.0,495.0,500.0,36.0,47.0,85.0,506.8,507.9
159,1555416389.53485,514.0,489.0,479.0,36.0,47.0,85.0,506.9,507.85
160,1555416389.6239657,508.0,508.0,477.0,36.0,47.0,85.0,507.95,507.45
161,1555416389.7036326,501.0,517.0,510.0,36.0,47.0,85.0,507.0,508.7
162,1555416389.7832313,475.0,505.0,516.0,47.0,47.0,85.0,505.25,508.35
163,1555416389.86205,510.0,510.0,527.0,47.0,42.0,74.0,505.3,507.05
164,1555416389.9330902,510.0,507.0,497.0,47.0,42.0,74.0,506.4,507.35
165,1555416390.006922,525.0,512.0,510.0,50.0,42.0,74.0,506.55,508.45
166,1555416390.0980752,492.0,498.0,515.0,50.0,42.0,74.0,505.4,508.4
167,1555416390.1794143,509.0,518.0,515.0,50.0,42.0,74.0,505.05,508.6
168,1555416390.2675474,509.0,509.0,528.0,50.0,42.0,74.0,504.45,508.6
169,1555416390.356174,503.0,504.0,531.0,50.0,42.0,74.0,505.3,508.9
170,1555416390.4483352,504.0,516.0,522.0,50.0,42.0,74.0,505.8,508.7
171,1555416390.5379617,513.0,520.0,519.0,50.0,42.0,57.0,505.9,508.7
172,1555416390.6166284,503.0,502.0,462.0,50.0,42.0,72.0,505.15,507.5
173,1555416390.6875155,547.0,537.0,506.0,72.0,48.0,69.0,507.05,507.8
174,1555416390.773426,516.0,490.0,509.0,72.0,48.0,69.0,507.15,507.05
175,1555416390.8544912,513.0,509.0,510.0,72.0,48.0,69.0,507.7,506.7
176,1555416390.9366014,504.0,504.0,479.0,72.0,48.0,69.0,507.3,507.45
177,1555416391.0267372,519.0,520.0,509.0,72.0,48.0,69.0,508.85,508.5
178,1555416391.1031487,507.0,515.0,507.0,72.0,48.0,69.0,509.1,509.5
179,1555416391.1942585,507.0,512.0,489.0,72.0,47.0,69.0,508.75,510.65
180,1555416391.2693243,491.0,558.0,527.0,72.0,68.0,69.0,507.9,513.15
181,1555416391.3410594,503.0,508.0,525.0,72.0,68.0,69.0,508.0,512.7
182,1555416391.4162197,522.0,507.0,507.0,56.0,68.0,69.0,510.35,512.8
183,1555416391.4856973,526.0,511.0,528.0,56.0,68.0,69.0,511.15,512.85
184,1555416391.5594163,516.0,543.0,519.0,56.0,68.0,69.0,511.45,514.65
185,1555416391.634443,520.0,534.0,511.0,56.0,68.0,69.0,511.2,515.75
186,1555416391.7090857,501.0,516.0,505.0,56.0,68.0,69.0,511.65,516.65
187,1555416391.7807925,486.0,526.0,504.0,61.0,68.0,69.0,510.5,517.05
188,1555416391.8689108,515.0,509.0,501.0,61.0,68.0,69.0,510.8,517.05
189,1555416391.961554,518.0,503.0,510.0,61.0,68.0,66.0,511.55,517.0
190,1555416392.0336144,508.0,533.0,523.0,61.0,68.0,66.0,511.75,517.85
191,1555416392.112321,517.0,493.0,491.0,61.0,68.0,66.0,511.95,516.5
192,1555416392.1965868,507.0,488.0,487.0,61.0,70.0,49.0,512.15,515.8
193,1555416392.282873,481.0,477.0,501.0,45.0,81.0,49.0,508.85,512.8
194,1555416392.3617232,514.0,519.0,504.0,45.0,81.0,49.0,508.75,514.25
195,1555416392.4558654,494.0,506.0,528.0,45.0,81.0,49.0,507.8,514.1
196,1555416392.5415854,489.0,532.0,523.0,45.0,81.0,41.0,507.05,515.5
197,1555416392.6241708,490.0,507.0,539.0,45.0,81.0,52.0,505.6,514.85
198,1555416392.703564,505.0,513.0,526.0,45.0,81.0,52.0,505.5,514.75
199,1555416392.7842913,491.0,503.0,504.0,45.0,81.0,52.0,504.7,514.3
200,1555416392.8868294,511.0,507.0,512.0,45.0,66.0,52.0,505.7,511.75
201,1555416392.96299,501.0,497.0,524.0,45.0,66.0,52.0,505.6,511.2
202,1555416393.0360653,503.0,501.0,478.0,45.0,66.0,61.0,504.65,510.9
203,1555416393.1074314,525.0,509.0,495.0,44.0,66.0,61.0,504.6,510.8
204,1555416393.1779816,522.0,497.0,519.0,44.0,57.0,61.0,504.9,508.5
205,1555416393.2567973,525.0,507.0,520.0,44.0,56.0,61.0,505.15,507.15
206,1555416393.3387508,509.0,527.0,548.0,44.0,56.0,70.0,505.55,507.7
207,1555416393.4169397,509.0,527.0,548.0,44.0,56.0,70.0,506.7,507.75
208,1555416393.5009837,501.0,498.0,483.0,44.0,56.0,70.0,506.0,507.2
209,1555416393.5839992,501.0,504.0,470.0,44.0,56.0,78.0,505.15,507.25
210,1555416393.6610951,503.0,501.0,478.0,44.0,55.0,78.0,504.9,505.65
211,1555416393.738511,525.0,509.0,495.0,44.0,55.0,78.0,505.3,506.45
212,1555416393.8188095,522.0,497.0,519.0,44.0,55.0,78.0,506.05,506.9
213,1555416393.9017844,525.0,507.0,520.0,36.0,35.0,78.0,508.25,508.4
214,1555416393.9808774,509.0,527.0,548.0,36.0,35.0,78.0,508.0,508.8
215,1555416394.055343,516.0,522.0,507.0,36.0,35.0,78.0,509.1,509.6
216,1555416394.1282704,501.0,498.0,483.0,35.0,30.0,78.0,509.7,507.9
217,1555416394.2150276,503.0,501.0,478.0,34.0,30.0,78.0,510.35,507.6
218,1555416394.303765,525.0,509.0,495.0,34.0,30.0,78.0,511.35,507.4
219,1555416394.376064,522.0,497.0,519.0,24.0,30.0,78.0,512.9,507.1
220,1555416394.4587672,525.0,507.0,520.0,24.0,30.0,78.0,513.6,507.1
221,1555416394.5433772,509.0,527.0,548.0,24.0,30.0,78.0,514.0,508.6
222,1555416394.6385756,501.0,498.0,483.0,24.0,30.0,78.0,513.9,508.45
223,1555416394.7387729,501.0,504.0,470.0,24.0,30.0,78.0,512.7,508.2
224,1555416394.80956,525.0,509.0,495.0,24.0,30.0,78.0,512.85,508.8
225,1555416394.879631,522.0,497.0,519.0,24.0,30.0,78.0,512.7,508.3
226,1555416394.9628973,525.0,507.0,520.0,24.0,30.0,78.0,513.5,507.3
227,1555416395.0531602,509.0,527.0,548.0,24.0,30.0,78.0,513.5,507.3
228,1555416395.1261132,506.0,513.0,513.0,24.0,30.0,78.0,513.75,508.05
229,1555416395.210754,502.0,499.0,517.0,24.0,30.0,78.0,513.8,507.8
230,1555416395.2912662,525.0,506.0,504.0,24.0,30.0,78.0,514.9,508.05
231,1555416395.3728466,525.0,510.0,509.0,24.0,30.0,78.0,514.9,508.1
232,1555416395.4599156,508.0,501.0,493.0,24.0,30.0,78.0,514.2,508.3
233,1555416395.5377822,492.0,486.0,486.0,33.0,41.0,78.0,512.55,507.25
234,1555416395.6200557,502.0,511.0,500.0,33.0,41.0,78.0,512.2,506.45
235,1555416395.700347,513.0,507.0,495.0,33.0,41.0,78.0,512.05,505.7
236,1555416395.7996986,509.0,532.0,505.0,33.0,46.0,78.0,512.45,507.4
237,1555416395.8792174,503.0,514.0,518.0,33.0,46.0,78.0,512.45,508.05
238,1555416395.9616365,507.0,498.0,510.0,33.0,46.0,78.0,511.55,507.5
239,1555416396.0471609,517.0,504.0,523.0,33.0,46.0,78.0,511.3,507.85
240,1555416396.1229355,517.0,490.0,523.0,33.0,46.0,78.0,510.9,507.0
241,1555416396.2126198,516.0,496.0,539.0,33.0,46.0,78.0,511.25,505.45
242,1555416396.286015,512.0,502.0,507.0,33.0,46.0,78.0,511.8,505.65
243,1555416396.3591073,509.0,515.0,499.0,33.0,46.0,62.0,512.2,506.2
244,1555416396.439145,512.0,527.0,510.0,33.0,46.0,62.0,511.55,507.1
245,1555416396.522729,484.0,506.0,494.0,41.0,46.0,62.0,509.65,507.55
246,1555416396.601823,523.0,509.0,489.0,41.0,46.0,62.0,509.55,507.65
247,1555416396.6964502,496.0,509.0,499.0,41.0,46.0,53.0,508.9,506.75
248,1555416396.7704785,517.0,497.0,513.0,41.0,46.0,53.0,509.45,505.95
249,1555416396.8580945,508.0,523.0,523.0,41.0,46.0,53.0,509.75,507.15
250,1555416396.9379568,517.0,502.0,530.0,41.0,46.0,53.0,509.35,506.95
251,1555416397.0084841,503.0,512.0,500.0,39.0,46.0,53.0,508.25,507.05
252,1555416397.086025,505.0,485.0,511.0,39.0,47.0,53.0,508.1,506.25
253,1555416397.1641672,503.0,507.0,480.0,39.0,47.0,59.0,508.65,507.3
254,1555416397.2463098,522.0,509.0,480.0,39.0,47.0,59.0,509.65,507.2
255,1555416397.3208084,510.0,526.0,517.0,39.0,47.0,59.0,509.5,508.15
256,1555416397.3952549,493.0,494.0,523.0,39.0,42.0,59.0,508.7,506.25
257,1555416397.4683523,505.0,496.0,535.0,39.0,42.0,59.0,508.8,505.35
258,1555416397.5431674,506.0,496.0,555.0,39.0,42.0,75.0,508.75,505.25
259,1555416397.6382225,503.0,485.0,488.0,39.0,42.0,75.0,508.05,504.3
260,1555416397.721217,507.0,534.0,486.0,39.0,49.0,75.0,507.55,506.5
261,1555416397.7920525,505.0,517.0,477.0,39.0,49.0,78.0,507.0,507.55
262,1555416397.8646243,517.0,562.0,478.0,39.0,77.0,78.0,507.25,510.55
263,1555416397.942417,525.0,509.0,490.0,41.0,77.0,78.0,508.05,510.25
264,1555416398.0218763,521.0,517.0,500.0,41.0,77.0,78.0,508.5,509.75
265,1555416398.1018302,495.0,487.0,522.0,32.0,77.0,78.0,509.05,508.8
266,1555416398.1859384,490.0,483.0,509.0,35.0,79.0,78.0,507.4,507.5
267,1555416398.2678156,501.0,488.0,491.0,35.0,79.0,78.0,507.65,506.45
268,1555416398.349833,510.0,528.0,476.0,35.0,79.0,79.0,507.3,508.0
269,1555416398.4356627,507.0,499.0,479.0,35.0,79.0,79.0,507.25,506.8
270,1555416398.515595,512.0,501.0,471.0,35.0,79.0,84.0,507.0,506.75
271,1555416398.5992565,512.0,530.0,475.0,35.0,79.0,84.0,507.45,507.65
272,1555416398.6814356,511.0,511.0,504.0,35.0,79.0,84.0,507.75,508.95
273,1555416398.7609813,507.0,508.0,533.0,35.0,79.0,84.0,507.95,509.0
274,1555416398.84108,507.0,529.0,533.0,35.0,79.0,84.0,507.2,510.0
275,1555416398.9237287,503.0,494.0,543.0,35.0,79.0,84.0,506.85,508.4
276,1555416399.0055401,519.0,518.0,516.0,35.0,79.0,84.0,508.15,509.6
277,1555416399.098146,513.0,531.0,514.0,35.0,79.0,84.0,508.55,511.35
278,1555416399.173431,516.0,513.0,511.0,35.0,79.0,72.0,509.05,512.2
279,1555416399.2587907,501.0,515.0,519.0,35.0,79.0,72.0,508.95,513.7
280,1555416399.337099,499.0,521.0,510.0,35.0,79.0,72.0,508.55,513.05
281,1555416399.4211974,520.0,522.0,503.0,35.0,79.0,72.0,509.3,513.3
282,1555416399.5046287,515.0,497.0,516.0,35.0,48.0,72.0,509.2,510.05
283,1555416399.5742965,504.0,487.0,515.0,31.0,48.0,72.0,508.15,508.95
284,1555416399.650993,501.0,495.0,534.0,30.0,48.0,72.0,507.15,507.85
285,1555416399.7360268,482.0,499.0,541.0,38.0,48.0,72.0,506.5,508.45
286,1555416399.83685,524.0,498.0,572.0,42.0,44.0,101.0,508.2,509.2
287,1555416399.9150248,509.0,519.0,546.0,42.0,44.0,101.0,508.6,510.75
288,1555416399.9988549,500.0,514.0,568.0,42.0,44.0,101.0,508.1,510.05
289,1555416400.0914721,505.0,491.0,578.0,42.0,44.0,107.0,508.0,509.65
290,1555416400.1717749,506.0,479.0,546.0,42.0,52.0,103.0,507.7,508.55
291,1555416400.2519798,515.0,506.0,537.0,42.0,52.0,75.0,507.85,507.35
292,1555416400.325929,515.0,506.0,537.0,42.0,52.0,75.0,508.05,507.1
293,1555416400.4217496,506.0,502.0,500.0,42.0,52.0,78.0,508.0,506.8
294,1555416400.5109131,511.0,518.0,503.0,42.0,52.0,78.0,508.2,506.25
295,1555416400.590325,532.0,511.0,487.0,50.0,52.0,91.0,509.65,507.1
296,1555416400.670411,521.0,513.0,491.0,50.0,52.0,91.0,509.75,506.85
297,1555416400.7458572,503.0,482.0,478.0,50.0,43.0,100.0,509.25,504.4
298,1555416400.825544,497.0,477.0,491.0,50.0,45.0,100.0,508.3,502.6
299,1555416400.9055464,518.0,482.0,503.0,50.0,45.0,100.0,509.15,500.95
300,1555416400.9791634,527.0,489.0,491.0,50.0,45.0,100.0,510.55,499.35
301,1555416401.050843,520.0,493.0,496.0,50.0,42.0,100.0,510.55,497.9
302,1555416401.1246638,505.0,503.0,507.0,50.0,42.0,100.0,510.05,498.2
303,1555416401.200496,492.0,490.0,527.0,50.0,42.0,100.0,509.45,498.35
304,1555416401.2846348,489.0,486.0,533.0,50.0,42.0,100.0,508.85,497.9
305,1555416401.3553388,523.0,498.0,545.0,43.0,42.0,100.0,510.9,497.85
306,1555416401.4506028,507.0,499.0,503.0,43.0,42.0,100.0,510.05,497.9
307,1555416401.5377927,489.0,542.0,511.0,43.0,65.0,100.0,509.05,499.05
308,1555416401.6202133,523.0,473.0,521.0,43.0,69.0,100.0,510.2,497.0
309,1555416401.6986845,512.0,495.0,503.0,43.0,69.0,68.0,510.55,497.2
310,1555416401.778117,497.0,506.0,473.0,43.0,69.0,72.0,510.1,498.55
311,1555416401.8601115,505.0,500.0,470.0,43.0,69.0,75.0,509.6,498.25
312,1555416401.9407701,489.0,512.0,489.0,43.0,69.0,75.0,508.3,498.55
313,1555416402.0344658,518.0,508.0,479.0,43.0,69.0,75.0,508.9,498.85
314,1555416402.1190488,518.0,501.0,471.0,43.0,69.0,75.0,509.25,498.0
315,1555416402.2003093,506.0,477.0,466.0,38.0,69.0,79.0,507.95,496.3
316,1555416402.2820165,513.0,482.0,478.0,38.0,69.0,79.0,507.55,494.75
317,1555416402.3600166,517.0,496.0,462.0,38.0,69.0,83.0,508.25,495.45
318,1555416402.4341502,492.0,491.0,455.0,38.0,69.0,90.0,508.0,496.15
319,1555416402.5086658,519.0,500.0,460.0,38.0,69.0,90.0,508.05,497.05
320,1555416402.5995486,494.0,523.0,456.0,34.0,69.0,90.0,506.4,498.75
321,1555416402.679184,509.0,530.0,483.0,34.0,69.0,90.0,505.85,500.6
322,1555416402.75145,510.0,502.0,469.0,34.0,69.0,90.0,506.1,500.55
323,1555416402.8434834,512.0,497.0,471.0,34.0,69.0,90.0,507.1,500.9
324,1555416402.9177706,512.0,503.0,491.0,34.0,69.0,90.0,508.25,501.75
325,1555416402.9877431,512.0,516.0,524.0,34.0,69.0,69.0,507.7,502.65
326,1555416403.062858,505.0,482.0,508.0,34.0,69.0,69.0,507.6,501.8
327,1555416403.1409976,523.0,502.0,571.0,34.0,57.0,116.0,509.3,499.8
328,1555416403.227836,514.0,485.0,570.0,34.0,53.0,116.0,508.85,500.4
329,1555416403.3060195,506.0,526.0,567.0,34.0,53.0,116.0,508.55,501.95
330,1555416403.3835955,497.0,495.0,552.0,34.0,53.0,116.0,508.55,501.4
331,1555416403.4693153,503.0,504.0,566.0,34.0,53.0,116.0,508.45,501.6
332,1555416403.5604365,514.0,500.0,550.0,31.0,53.0,116.0,509.7,501.0
333,1555416403.6332183,374.0,522.0,1021.0,149.0,53.0,566.0,502.5,501.7
334,1555416403.7269602,501.0,455.0,724.0,149.0,75.0,566.0,501.65,499.4
335,1555416403.8028758,506.0,456.0,632.0,149.0,75.0,566.0,501.65,498.35
336,1555416403.8748717,507.0,466.0,602.0,149.0,75.0,566.0,501.35,497.55
337,1555416403.9605048,528.0,481.0,538.0,154.0,75.0,566.0,501.9,496.8
338,1555416404.0472372,520.0,494.0,517.0,154.0,75.0,565.0,503.3,496.95
339,1555416404.1252685,523.0,514.0,508.0,154.0,75.0,565.0,503.5,497.65
340,1555416404.2061749,511.0,513.0,499.0,154.0,75.0,552.0,504.35,497.15
341,1555416404.2889965,527.0,496.0,487.0,154.0,71.0,552.0,505.25,495.45
342,1555416404.3688316,518.0,511.0,491.0,154.0,71.0,550.0,505.65,495.9
343,1555416404.4469547,521.0,510.0,495.0,154.0,71.0,534.0,506.1,496.55
344,1555416404.5292168,521.0,524.0,498.0,154.0,71.0,534.0,506.55,497.6
345,1555416404.6138632,507.0,516.0,472.0,154.0,71.0,549.0,506.3,497.6
346,1555416404.705611,522.0,503.0,479.0,154.0,71.0,549.0,507.15,498.65
347,1555416404.7802293,513.0,521.0,479.0,154.0,71.0,549.0,506.65,499.6
348,1555416404.860168,517.0,516.0,471.0,154.0,71.0,550.0,506.8,501.15
349,1555416404.9460285,520.0,523.0,468.0,154.0,69.0,553.0,507.5,501.0
350,1555416405.0330172,518.0,526.0,489.0,154.0,71.0,553.0,508.55,502.55
351,1555416405.117206,483.0,504.0,474.0,154.0,71.0,553.0,507.55,502.55
352,1555416405.238443,512.0,518.0,476.0,154.0,71.0,553.0,507.45,503.45
353,1555416405.3171873,511.0,497.0,471.0,45.0,71.0,256.0,514.3,502.2
354,1555416405.3940012,506.0,499.0,452.0,45.0,70.0,180.0,514.55,504.4
355,1555416405.4733002,519.0,517.0,444.0,45.0,60.0,158.0,515.2,507.45
356,1555416405.5470295,507.0,521.0,447.0,45.0,45.0,94.0,515.2,510.2
357,1555416405.6264672,502.0,518.0,520.0,44.0,32.0,76.0,513.9,512.05
358,1555416405.7111955,510.0,513.0,546.0,44.0,30.0,102.0,513.4,513.0
359,1555416405.7916033,502.0,502.0,542.0,44.0,30.0,102.0,512.35,512.4
360,1555416405.8726797,515.0,510.0,525.0,44.0,30.0,102.0,512.55,512.25
361,1555416405.9502625,515.0,504.0,519.0,39.0,29.0,102.0,511.95,512.65
362,1555416406.0276048,500.0,490.0,492.0,39.0,36.0,102.0,511.05,511.6
363,1555416406.1120253,512.0,516.0,483.0,39.0,36.0,102.0,510.6,511.9
364,1555416406.1898367,523.0,520.0,471.0,40.0,36.0,102.0,510.7,511.7
365,1555416406.278412,513.0,501.0,483.0,40.0,36.0,102.0,511.0,510.95
366,1555416406.363001,503.0,513.0,468.0,40.0,36.0,102.0,510.05,511.45
367,1555416406.4408164,519.0,509.0,461.0,40.0,36.0,102.0,510.35,510.85
368,1555416406.5236702,505.0,467.0,486.0,40.0,59.0,102.0,509.75,508.4
369,1555416406.5979972,520.0,522.0,498.0,40.0,59.0,102.0,509.75,508.35
370,1555416406.675722,515.0,511.0,478.0,40.0,55.0,102.0,509.6,507.6
371,1555416406.756482,512.0,480.0,480.0,23.0,55.0,102.0,511.05,506.4
372,1555416406.838775,509.0,521.0,488.0,23.0,55.0,102.0,510.9,506.55
373,1555416406.9174864,515.0,493.0,481.0,23.0,55.0,102.0,511.1,506.35
374,1555416406.987378,510.0,514.0,491.0,23.0,55.0,102.0,511.3,507.1
375,1555416407.0627284,510.0,510.0,508.0,23.0,55.0,99.0,510.85,506.75
376,1555416407.1405346,502.0,502.0,530.0,23.0,55.0,85.0,510.6,505.8
377,1555416407.2185404,512.0,502.0,521.0,23.0,55.0,85.0,511.1,505.0
378,1555416407.3092554,525.0,522.0,481.0,25.0,55.0,81.0,511.85,505.45
379,1555416407.4005985,518.0,519.0,483.0,25.0,55.0,69.0,512.65,506.3
380,1555416407.482617,517.0,547.0,489.0,25.0,80.0,69.0,512.75,508.15
381,1555416407.5641348,504.0,520.0,509.0,25.0,80.0,69.0,512.2,508.95
382,1555416407.6479812,510.0,509.0,497.0,23.0,80.0,69.0,512.7,509.9
383,1555416407.731495,514.0,506.0,473.0,23.0,80.0,69.0,512.8,509.4
384,1555416407.8203971,496.0,501.0,504.0,29.0,80.0,69.0,511.45,508.45
385,1555416407.8987422,516.0,512.0,489.0,29.0,80.0,69.0,511.6,509.0
386,1555416407.974008,525.0,521.0,471.0,29.0,80.0,69.0,512.7,509.4
387,1555416408.056761,497.0,505.0,502.0,29.0,80.0,59.0,511.6,509.2
388,1555416408.139344,498.0,490.0,512.0,29.0,67.0,59.0,511.25,510.35
389,1555416408.208889,506.0,510.0,519.0,29.0,67.0,59.0,510.55,509.75
390,1555416408.2837396,499.0,492.0,524.0,29.0,67.0,59.0,509.75,508.8
391,1555416408.3565576,512.0,505.0,505.0,29.0,57.0,59.0,509.75,510.05
392,1555416408.4316688,512.0,524.0,520.0,29.0,57.0,59.0,509.9,510.2
393,1555416408.5059025,517.0,504.0,497.0,29.0,57.0,59.0,510.0,510.75
394,1555416408.598344,523.0,510.0,509.0,29.0,57.0,59.0,510.65,510.55
395,1555416408.6948738,509.0,514.0,490.0,29.0,57.0,59.0,510.6,510.75
396,1555416408.7750103,517.0,514.0,528.0,29.0,57.0,57.0,511.35,511.35
397,1555416408.8798485,504.0,521.0,520.0,29.0,57.0,57.0,510.95,512.3
398,1555416408.9683223,521.0,527.0,539.0,29.0,57.0,68.0,510.75,512.55
399,1555416409.0488055,491.0,534.0,540.0,34.0,57.0,69.0,509.4,513.3
400,1555416409.1278565,516.0,513.0,528.0,34.0,44.0,69.0,509.35,511.6
401,1555416409.2064097,503.0,496.0,534.0,34.0,44.0,69.0,509.3,510.4
402,1555416409.2895539,522.0,512.0,519.0,34.0,44.0,69.0,509.9,510.55
403,1555416409.3766065,514.0,505.0,491.0,34.0,44.0,69.0,509.9,510.5
404,1555416409.4583485,512.0,491.0,513.0,34.0,44.0,69.0,510.7,510.0
405,1555416409.551642,504.0,503.0,531.0,34.0,44.0,69.0,510.1,509.55
406,1555416409.6245596,532.0,497.0,464.0,41.0,44.0,76.0,510.45,508.35
407,1555416409.6967301,521.0,500.0,494.0,41.0,44.0,76.0,511.65,508.1
408,1555416409.7764757,510.0,503.0,472.0,41.0,43.0,76.0,512.25,508.75
409,1555416409.8459256,504.0,500.0,512.0,41.0,43.0,76.0,512.15,508.25
410,1555416409.9361072,517.0,491.0,502.0,41.0,43.0,76.0,513.05,508.2
411,1555416410.0237405,501.0,501.0,481.0,41.0,43.0,76.0,512.5,508.0
412,1555416410.0927267,487.0,494.0,495.0,45.0,43.0,76.0,511.25,506.5
413,1555416410.1626043,500.0,525.0,510.0,45.0,43.0,76.0,510.4,507.55
414,1555416410.2378519,525.0,491.0,504.0,45.0,43.0,76.0,510.5,506.6
415,1555416410.327104,495.0,509.0,516.0,45.0,43.0,76.0,509.8,506.35
416,1555416410.4170606,494.0,529.0,512.0,45.0,43.0,76.0,508.65,507.1
417,1555416410.5022507,491.0,518.0,524.0,45.0,43.0,76.0,508.0,506.95
418,1555416410.581259,507.0,507.0,530.0,45.0,43.0,76.0,507.3,505.95
419,1555416410.6619363,520.0,497.0,528.0,45.0,38.0,70.0,508.75,504.1
420,1555416410.7437196,507.0,524.0,511.0,45.0,38.0,70.0,508.3,504.65
421,1555416410.8205674,508.0,501.0,485.0,45.0,38.0,67.0,508.55,504.9
422,1555416410.9065228,524.0,504.0,494.0,45.0,38.0,67.0,508.65,504.5
423,1555416410.9878955,518.0,514.0,497.0,45.0,38.0,67.0,508.85,504.95
424,1555416411.0734725,514.0,510.0,523.0,45.0,38.0,67.0,508.95,505.9
425,1555416411.1622853,467.0,496.0,552.0,65.0,38.0,88.0,507.1,505.55
426,1555416411.245129,500.0,499.0,567.0,58.0,38.0,95.0,505.5,505.65
427,1555416411.3176858,508.0,492.0,547.0,58.0,38.0,95.0,504.85,505.25
428,1555416411.3942308,515.0,506.0,528.0,58.0,38.0,86.0,505.1,505.4
429,1555416411.4738865,484.0,499.0,518.0,58.0,38.0,86.0,504.1,505.35
430,1555416411.5471053,517.0,523.0,491.0,58.0,38.0,86.0,504.1,506.95
431,1555416411.6309757,513.0,503.0,496.0,58.0,38.0,82.0,504.7,507.05
432,1555416411.7122445,532.0,506.0,489.0,65.0,38.0,82.0,506.95,507.65
433,1555416411.7924986,501.0,513.0,496.0,65.0,38.0,82.0,507.0,507.05
434,1555416411.8699317,499.0,517.0,521.0,65.0,37.0,82.0,505.7,508.35
435,1555416411.9584093,502.0,504.0,529.0,65.0,37.0,82.0,506.05,508.1
436,1555416412.035112,515.0,511.0,511.0,65.0,32.0,82.0,507.1,507.2
437,1555416412.127349,501.0,510.0,492.0,65.0,32.0,82.0,507.6,506.8
438,1555416412.1993957,491.0,507.0,506.0,65.0,32.0,82.0,506.8,506.8
439,1555416412.2879918,507.0,562.0,513.0,65.0,70.0,82.0,506.15,510.05
440,1555416412.3862362,530.0,490.0,505.0,65.0,72.0,82.0,507.3,508.35
441,1555416412.4565027,499.0,502.0,463.0,65.0,72.0,104.0,506.85,508.4
442,1555416412.5274293,495.0,510.0,481.0,65.0,72.0,104.0,505.4,508.7
443,1555416412.6001875,495.0,518.0,483.0,65.0,72.0,104.0,504.25,508.9
444,1555416412.675213,530.0,492.0,484.0,65.0,72.0,104.0,505.05,508.0
445,1555416412.7635508,513.0,510.0,478.0,48.0,72.0,104.0,507.35,508.7
446,1555416412.8519201,498.0,513.0,524.0,48.0,72.0,84.0,507.25,509.4
447,1555416412.9330628,514.0,491.0,552.0,48.0,72.0,89.0,507.55,509.35
448,1555416413.0038853,530.0,511.0,522.0,48.0,72.0,89.0,508.3,509.6
449,1555416413.073838,519.0,515.0,506.0,41.0,72.0,89.0,510.05,510.4
450,1555416413.1516037,505.0,508.0,513.0,41.0,72.0,89.0,509.45,509.65
451,1555416413.2349887,494.0,535.0,507.0,41.0,72.0,89.0,508.5,511.25
452,1555416413.308839,489.0,475.0,498.0,41.0,87.0,89.0,506.35,509.7
453,1555416413.4042933,531.0,506.0,484.0,42.0,87.0,89.0,507.85,509.35
454,1555416413.4886189,508.0,516.0,523.0,42.0,87.0,89.0,508.3,509.3
455,1555416413.578011,507.0,528.0,526.0,42.0,87.0,89.0,508.55,510.5
456,1555416413.6491122,508.0,494.0,560.0,42.0,87.0,97.0,508.2,509.65
457,1555416413.7324395,524.0,504.0,538.0,42.0,87.0,97.0,509.35,509.35
458,1555416413.8045528,518.0,502.0,499.0,42.0,87.0,97.0,510.7,509.1
459,1555416413.8759658,501.0,506.0,504.0,42.0,60.0,97.0,510.4,506.3
460,1555416413.9565103,494.0,482.0,481.0,42.0,60.0,97.0,508.6,505.9
461,1555416414.0337617,507.0,505.0,488.0,42.0,60.0,82.0,509.0,506.05
462,1555416414.115513,527.0,507.0,463.0,42.0,60.0,97.0,510.6,505.9
463,1555416414.201708,512.0,512.0,499.0,42.0,60.0,97.0,511.45,505.6
464,1555416414.2868097,476.0,543.0,589.0,55.0,68.0,126.0,508.75,508.15
465,1555416414.3814719,494.0,496.0,552.0,55.0,68.0,126.0,507.8,507.45
466,1555416414.466547,520.0,506.0,532.0,55.0,68.0,126.0,508.9,507.1
467,1555416414.5512898,505.0,492.0,498.0,55.0,68.0,126.0,508.45,507.15
468,1555416414.6340437,508.0,575.0,508.0,55.0,100.0,126.0,507.35,510.35
469,1555416414.7347264,517.0,517.0,513.0,55.0,100.0,126.0,507.25,510.45
470,1555416414.8146582,503.0,510.0,495.0,55.0,100.0,126.0,507.15,510.55
471,1555416414.8833482,493.0,518.0,530.0,55.0,100.0,126.0,507.1,509.7
472,1555416414.9545107,496.0,491.0,552.0,55.0,93.0,126.0,507.45,510.5
473,1555416415.0334334,522.0,496.0,515.0,51.0,93.0,126.0,507.0,510.0
474,1555416415.1156883,515.0,493.0,472.0,51.0,93.0,126.0,507.35,508.85
475,1555416415.203315,500.0,491.0,491.0,51.0,93.0,126.0,507.0,507.0
476,1555416415.297891,498.0,495.0,514.0,51.0,93.0,126.0,506.5,507.05
477,1555416415.3807673,513.0,508.0,505.0,51.0,93.0,126.0,505.95,507.25
478,1555416415.461963,502.0,512.0,504.0,51.0,93.0,126.0,505.15,507.75
479,1555416415.5425236,502.0,502.0,516.0,51.0,93.0,126.0,505.2,507.55
480,1555416415.636114,510.0,518.0,525.0,51.0,84.0,126.0,506.0,509.35
481,1555416415.7055333,513.0,523.0,496.0,51.0,84.0,126.0,506.3,510.25
482,1555416415.7754183,505.0,510.0,489.0,46.0,84.0,117.0,505.2,510.4
483,1555416415.848066,501.0,503.0,510.0,46.0,84.0,117.0,504.65,509.95
484,1555416415.9242995,495.0,490.0,501.0,29.0,85.0,80.0,505.6,507.3
485,1555416416.002863,511.0,490.0,522.0,29.0,85.0,80.0,506.45,507.0
486,1555416416.0788007,524.0,509.0,498.0,31.0,85.0,80.0,506.65,507.15
487,1555416416.162261,502.0,527.0,505.0,31.0,85.0,80.0,506.5,508.9
488,1555416416.2574854,491.0,532.0,550.0,33.0,42.0,80.0,505.65,506.75
489,1555416416.3316176,511.0,510.0,568.0,33.0,42.0,96.0,505.35,506.4
490,1555416416.420597,514.0,517.0,528.0,33.0,42.0,96.0,505.9,506.75
491,1555416416.4976993,513.0,509.0,543.0,33.0,42.0,96.0,506.9,506.3
492,1555416416.5888832,515.0,504.0,518.0,33.0,42.0,96.0,507.85,506.95
493,1555416416.6708345,525.0,497.0,470.0,34.0,42.0,98.0,508.0,507.0
494,1555416416.7586687,516.0,505.0,435.0,34.0,42.0,133.0,508.05,507.6
495,1555416416.849705,517.0,505.0,465.0,34.0,42.0,133.0,508.9,508.3
496,1555416416.9338512,509.0,511.0,522.0,34.0,42.0,133.0,509.45,509.1
497,1555416417.013569,511.0,500.0,503.0,34.0,42.0,133.0,509.35,508.7
498,1555416417.1006157,488.0,503.0,509.0,37.0,42.0,133.0,508.65,508.25
499,1555416417.1839175,516.0,495.0,492.0,37.0,42.0,133.0,509.35,507.9
500,1555416417.2588973,501.0,502.0,498.0,37.0,42.0,133.0,508.9,507.1
501,1555416417.336885,514.0,498.0,493.0,37.0,42.0,133.0,508.95,505.85
502,1555416417.4084618,510.0,508.0,511.0,37.0,42.0,133.0,509.2,505.75
503,1555416417.483312,518.0,513.0,493.0,37.0,42.0,133.0,510.05,506.25
504,1555416417.5598476,505.0,500.0,481.0,37.0,42.0,133.0,510.55,506.75
505,1555416417.6346254,503.0,508.0,504.0,37.0,37.0,133.0,510.15,507.65
506,1555416417.7129424,513.0,492.0,505.0,37.0,40.0,133.0,509.6,506.8
507,1555416417.7840002,511.0,496.0,493.0,37.0,40.0,133.0,510.05,505.25
508,1555416417.8568563,510.0,498.0,486.0,37.0,25.0,133.0,511.0,503.55
509,1555416417.9324038,519.0,483.0,495.0,37.0,34.0,108.0,511.4,502.2
510,1555416418.0259492,520.0,530.0,499.0,37.0,47.0,108.0,511.7,502.85
511,1555416418.1170187,504.0,512.0,506.0,37.0,47.0,87.0,511.25,503.0
512,1555416418.1932037,511.0,506.0,510.0,37.0,47.0,87.0,511.05,503.1
513,1555416418.270915,507.0,507.0,522.0,32.0,47.0,87.0,510.15,503.6
514,1555416418.3420913,501.0,510.0,509.0,32.0,47.0,57.0,509.4,503.85
515,1555416418.430874,508.0,518.0,488.0,32.0,47.0,41.0,508.95,504.5
516,1555416418.507025,505.0,518.0,506.0,32.0,47.0,41.0,508.75,504.85
517,1555416418.5778522,512.0,519.0,515.0,32.0,47.0,41.0,508.8,505.8
518,1555416418.6521485,508.0,498.0,557.0,19.0,47.0,76.0,509.8,505.55
519,1555416418.7325351,514.0,483.0,527.0,19.0,47.0,76.0,509.7,504.95
520,1555416418.8119526,503.0,516.0,539.0,19.0,47.0,76.0,509.8,505.65
521,1555416418.883179,506.0,527.0,503.0,19.0,47.0,76.0,509.4,507.1
522,1555416418.9683068,516.0,547.0,522.0,19.0,64.0,76.0,509.7,509.05
523,1555416419.0500169,518.0,521.0,515.0,19.0,64.0,76.0,509.7,509.45
524,1555416419.130897,507.0,513.0,521.0,19.0,64.0,71.0,509.8,510.1
525,1555416419.2086005,516.0,518.0,541.0,19.0,64.0,71.0,510.45,510.6
526,1555416419.2905285,501.0,516.0,555.0,19.0,64.0,71.0,509.85,511.8
527,1555416419.3693705,510.0,495.0,516.0,19.0,64.0,71.0,509.8,511.75
528,1555416419.4486833,527.0,540.0,492.0,26.0,64.0,69.0,510.65,513.85
529,1555416419.5525138,530.0,525.0,496.0,29.0,64.0,69.0,511.2,515.95
530,1555416419.6293652,498.0,508.0,497.0,32.0,64.0,69.0,510.1,514.85
531,1555416419.7047093,507.0,584.0,546.0,32.0,101.0,69.0,510.25,518.45
532,1555416419.7891304,518.0,534.0,541.0,32.0,101.0,69.0,510.6,519.85
533,1555416419.8752544,495.0,524.0,530.0,35.0,101.0,69.0,510.0,520.7
534,1555416419.947377,506.0,491.0,526.0,35.0,101.0,69.0,510.25,519.75
535,1555416420.0179458,496.0,489.0,491.0,35.0,101.0,66.0,509.65,518.3
536,1555416420.092297,503.0,514.0,487.0,35.0,101.0,70.0,509.55,518.1
537,1555416420.1702754,527.0,468.0,494.0,35.0,116.0,70.0,510.3,515.55
538,1555416420.2561963,512.0,503.0,493.0,35.0,116.0,68.0,510.5,515.8
539,1555416420.3277447,504.0,515.0,498.0,35.0,116.0,68.0,510.0,517.4
540,1555416420.411108,508.0,499.0,504.0,35.0,116.0,68.0,510.25,516.55
541,1555416420.5016284,503.0,519.0,495.0,35.0,116.0,68.0,510.1,516.15
542,1555416420.577568,511.0,509.0,505.0,35.0,116.0,68.0,509.85,514.25
543,1555416420.6516023,480.0,503.0,517.0,50.0,116.0,68.0,507.95,513.35
544,1555416420.7284334,504.0,496.0,489.0,50.0,116.0,68.0,507.8,512.5
545,1555416420.814149,510.0,512.0,505.0,50.0,116.0,68.0,507.5,512.2
546,1555416420.8963904,518.0,506.0,495.0,50.0,116.0,59.0,508.35,511.7
547,1555416420.9784713,513.0,529.0,508.0,50.0,116.0,59.0,508.5,513.4
548,1555416421.0660865,505.0,504.0,512.0,50.0,116.0,59.0,507.4,511.6
549,1555416421.1403,508.0,495.0,510.0,47.0,116.0,59.0,506.3,510.1
550,1555416421.215623,514.0,505.0,514.0,47.0,116.0,59.0,507.1,509.95
551,1555416421.298533,525.0,508.0,502.0,47.0,66.0,54.0,508.0,506.15
552,1555416421.3742049,518.0,504.0,522.0,47.0,61.0,43.0,508.0,504.65
553,1555416421.4454887,508.0,503.0,495.0,47.0,61.0,39.0,508.65,503.6
554,1555416421.5236497,509.0,495.0,494.0,47.0,61.0,35.0,508.8,503.8
555,1555416421.59937,508.0,531.0,502.0,47.0,63.0,35.0,509.4,505.9
556,1555416421.7004166,509.0,500.0,510.0,47.0,63.0,33.0,509.7,505.2
557,1555416421.7768202,510.0,487.0,503.0,45.0,44.0,33.0,508.85,506.15
558,1555416421.8652186,510.0,508.0,512.0,45.0,44.0,33.0,508.75,506.4
559,1555416421.9660149,498.0,491.0,510.0,45.0,44.0,33.0,508.45,505.2
560,1555416422.0500665,514.0,498.0,503.0,45.0,44.0,33.0,508.75,505.15
561,1555416422.1256192,513.0,502.0,512.0,45.0,44.0,33.0,509.25,504.3
562,1555416422.212968,529.0,533.0,522.0,49.0,46.0,33.0,510.15,505.5
563,1555416422.3000767,505.0,542.0,525.0,31.0,55.0,36.0,511.4,507.45
564,1555416422.3711085,506.0,503.0,522.0,31.0,55.0,31.0,511.5,507.8
565,1555416422.4537878,501.0,512.0,506.0,31.0,55.0,31.0,511.05,507.8
566,1555416422.5332453,516.0,515.0,512.0,31.0,55.0,31.0,510.95,508.25
567,1555416422.658191,514.0,512.0,501.0,31.0,55.0,31.0,511.0,507.4
568,1555416422.7307358,520.0,512.0,510.0,31.0,55.0,31.0,511.75,507.8
569,1555416422.8022244,516.0,491.0,502.0,31.0,55.0,31.0,512.15,507.6
570,1555416422.8759096,522.0,480.0,500.0,31.0,62.0,31.0,512.55,506.35
571,1555416422.9530447,517.0,492.0,512.0,31.0,62.0,31.0,512.15,505.55
572,1555416423.028928,507.0,505.0,505.0,31.0,62.0,31.0,511.6,505.6
573,1555416423.1117604,506.0,529.0,533.0,31.0,62.0,39.0,511.5,506.9
574,1555416423.191076,529.0,478.0,516.0,31.0,64.0,33.0,512.5,506.05
575,1555416423.2718735,517.0,487.0,515.0,31.0,64.0,33.0,512.95,503.85
576,1555416423.3534036,528.0,506.0,522.0,31.0,64.0,33.0,513.9,504.15
577,1555416423.454654,508.0,494.0,522.0,31.0,64.0,33.0,513.8,504.5
578,1555416423.5328548,499.0,508.0,522.0,31.0,64.0,33.0,513.25,504.5
579,1555416423.6080327,499.0,509.0,479.0,30.0,64.0,54.0,513.3,505.4
580,1555416423.6797032,515.0,487.0,483.0,30.0,64.0,54.0,513.35,504.85
581,1555416423.750319,503.0,511.0,492.0,30.0,64.0,54.0,512.85,505.3
582,1555416423.8244023,502.0,519.0,499.0,30.0,64.0,54.0,511.5,504.6
583,1555416423.917337,487.0,524.0,489.0,42.0,51.0,54.0,510.6,503.7
584,1555416424.0058174,521.0,498.0,510.0,42.0,51.0,54.0,511.35,503.45
585,1555416424.084642,514.0,507.0,524.0,42.0,51.0,54.0,512.0,503.2
586,1555416424.1651762,497.0,488.0,502.0,42.0,51.0,54.0,511.05,501.85
587,1555416424.2417176,509.0,510.0,505.0,42.0,51.0,54.0,510.8,501.75
588,1555416424.3247812,513.0,509.0,496.0,42.0,51.0,54.0,510.45,501.6
589,1555416424.3959987,520.0,480.0,493.0,42.0,51.0,54.0,510.65,501.05
590,1555416424.472271,502.0,514.0,502.0,42.0,51.0,54.0,509.65,502.75
591,1555416424.5430737,503.0,504.0,500.0,42.0,51.0,54.0,508.95,503.35
592,1555416424.6559591,503.0,502.0,554.0,42.0,51.0,75.0,508.75,503.2
593,1555416424.7342772,505.0,507.0,525.0,42.0,46.0,75.0,508.7,502.1
594,1555416424.823362,516.0,502.0,541.0,41.0,44.0,75.0,508.05,503.3
595,1555416424.9145064,515.0,499.0,537.0,41.0,44.0,75.0,507.95,503.9
596,1555416424.993775,511.0,542.0,522.0,34.0,62.0,75.0,507.1,505.7
597,1555416425.0813258,497.0,514.0,521.0,34.0,62.0,75.0,506.55,506.7
598,1555416425.1643367,507.0,494.0,492.0,34.0,62.0,75.0,506.95,506.0
599,1555416425.2484775,514.0,564.0,513.0,34.0,84.0,71.0,507.7,508.75
600,1555416425.37465,498.0,507.0,522.0,34.0,84.0,65.0,506.85,509.75
601,1555416425.4553807,496.0,515.0,520.0,34.0,84.0,65.0,506.5,509.95
602,1555416425.5422552,521.0,491.0,536.0,34.0,84.0,65.0,507.45,508.55
603,1555416425.6370428,532.0,493.0,523.0,36.0,84.0,62.0,509.7,507.0
604,1555416425.7301471,507.0,501.0,505.0,36.0,84.0,62.0,509.0,507.15
605,1555416425.8133545,508.0,488.0,501.0,36.0,84.0,62.0,508.7,506.2
606,1555416425.885534,488.0,505.0,493.0,44.0,84.0,62.0,508.25,507.05
607,1555416425.9572592,506.0,494.0,485.0,44.0,84.0,69.0,508.1,506.25
608,1555416426.0484033,498.0,488.0,501.0,44.0,84.0,69.0,507.35,505.2
609,1555416426.1308057,511.0,503.0,520.0,44.0,76.0,69.0,506.9,506.35
610,1555416426.2121055,493.0,539.0,523.0,44.0,76.0,69.0,506.45,507.6
611,1555416426.2952137,516.0,503.0,524.0,44.0,76.0,69.0,507.1,507.55
612,1555416426.3753707,500.0,482.0,509.0,44.0,82.0,56.0,506.95,506.55
613,1555416426.4674962,515.0,494.0,495.0,44.0,82.0,56.0,507.45,505.9
614,1555416426.5572302,505.0,533.0,502.0,44.0,82.0,52.0,506.9,507.45
615,1555416426.6391923,493.0,567.0,490.0,44.0,85.0,51.0,505.8,510.85
616,1555416426.7270484,510.0,501.0,487.0,44.0,85.0,51.0,505.75,508.8
617,1555416426.8207712,511.0,522.0,516.0,44.0,85.0,51.0,506.45,509.2
618,1555416426.9029772,496.0,554.0,512.0,44.0,85.0,51.0,505.9,512.2
619,1555416426.9855356,511.0,503.0,509.0,44.0,85.0,51.0,505.75,509.15
620,1555416427.0635548,508.0,475.0,477.0,44.0,92.0,59.0,506.25,507.55
621,1555416427.1488853,513.0,498.0,498.0,44.0,92.0,59.0,507.1,506.7
622,1555416427.2290795,511.0,509.0,506.0,44.0,92.0,47.0,506.6,507.6
623,1555416427.3026435,506.0,512.0,515.0,28.0,92.0,47.0,505.3,508.55
624,1555416427.4161677,507.0,498.0,485.0,28.0,92.0,47.0,505.3,508.4
625,1555416427.4972787,508.0,511.0,515.0,28.0,92.0,47.0,505.3,509.55
626,1555416427.5794768,507.0,529.0,507.0,23.0,92.0,47.0,506.25,510.75
627,1555416427.6640275,506.0,536.0,519.0,23.0,92.0,47.0,506.25,512.85
628,1555416427.7464077,521.0,508.0,514.0,28.0,92.0,47.0,507.4,513.85
629,1555416427.8313122,500.0,501.0,534.0,28.0,92.0,57.0,506.85,513.75
630,1555416427.9116688,508.0,511.0,550.0,28.0,92.0,73.0,507.6,512.35
631,1555416427.9926078,515.0,543.0,526.0,28.0,92.0,73.0,507.55,514.35
632,1555416428.0756752,498.0,500.0,529.0,28.0,92.0,73.0,507.45,515.25
633,1555416428.159717,509.0,515.0,514.0,28.0,92.0,73.0,507.15,516.3
634,1555416428.2314525,522.0,498.0,507.0,29.0,92.0,73.0,508.0,514.55
635,1555416428.3126986,504.0,519.0,503.0,26.0,79.0,73.0,508.55,512.15
636,1555416428.3967118,513.0,493.0,493.0,26.0,79.0,73.0,508.7,511.75
637,1555416428.4728243,518.0,536.0,472.0,26.0,79.0,78.0,509.05,512.45
638,1555416428.54199,501.0,474.0,493.0,24.0,69.0,78.0,509.3,508.45
639,1555416428.610684,519.0,512.0,507.0,24.0,69.0,78.0,509.7,508.9
640,1555416428.6918366,518.0,503.0,497.0,24.0,69.0,78.0,510.2,510.3
641,1555416428.772662,504.0,486.0,527.0,24.0,69.0,78.0,509.75,509.7
642,1555416428.8511171,507.0,496.0,544.0,24.0,69.0,78.0,509.55,509.05
643,1555416428.9286735,508.0,491.0,537.0,24.0,69.0,78.0,509.65,508.0
644,1555416429.008724,515.0,522.0,510.0,24.0,69.0,78.0,510.05,509.2
645,1555416429.0842676,517.0,540.0,511.0,24.0,69.0,78.0,510.5,510.65
646,1555416429.1594687,522.0,482.0,503.0,24.0,69.0,78.0,511.25,508.3
647,1555416429.2514129,518.0,516.0,509.0,24.0,69.0,78.0,511.85,507.3
648,1555416429.3370736,503.0,528.0,500.0,24.0,69.0,78.0,510.95,508.3
649,1555416429.4293375,511.0,485.0,503.0,24.0,69.0,78.0,511.5,507.5
650,1555416429.5053217,498.0,523.0,523.0,24.0,69.0,72.0,511.0,508.1
651,1555416429.5854838,519.0,503.0,512.0,24.0,66.0,72.0,511.2,506.1
652,1555416429.6756506,489.0,504.0,522.0,33.0,66.0,72.0,510.75,506.3
653,1555416429.749552,518.0,510.0,521.0,33.0,66.0,72.0,511.2,506.05
654,1555416429.8355722,514.0,495.0,512.0,33.0,66.0,72.0,510.8,505.9
655,1555416429.9071274,525.0,482.0,519.0,36.0,66.0,72.0,511.85,504.05
656,1555416429.9880462,511.0,511.0,511.0,36.0,66.0,72.0,511.75,504.95
657,1555416430.0837886,511.0,502.0,483.0,36.0,66.0,61.0,511.4,503.25
658,1555416430.1553407,513.0,494.0,488.0,36.0,58.0,61.0,512.0,504.25
659,1555416430.2380831,501.0,504.0,499.0,36.0,58.0,61.0,511.1,503.85
660,1555416430.3127036,503.0,522.0,508.0,36.0,58.0,61.0,510.35,504.8
661,1555416430.3946054,500.0,542.0,496.0,36.0,60.0,61.0,510.15,507.6
662,1555416430.476058,506.0,501.0,525.0,36.0,60.0,54.0,510.1,507.85
663,1555416430.5553014,518.0,499.0,507.0,36.0,60.0,42.0,510.6,508.25
664,1555416430.633145,514.0,503.0,525.0,36.0,60.0,42.0,510.55,507.3
665,1555416430.7084022,514.0,499.0,493.0,36.0,60.0,42.0,510.4,505.25
666,1555416430.7820556,514.0,508.0,507.0,36.0,60.0,42.0,510.0,506.55
667,1555416430.8758786,500.0,496.0,523.0,36.0,60.0,42.0,509.1,505.55
668,1555416430.9565852,514.0,471.0,521.0,36.0,71.0,42.0,509.65,502.7
669,1555416431.0278358,505.0,512.0,504.0,36.0,71.0,42.0,509.35,504.05
670,1555416431.1059585,504.0,528.0,490.0,36.0,71.0,42.0,509.65,504.3
671,1555416431.2050405,515.0,497.0,482.0,36.0,71.0,43.0,509.45,504.0
672,1555416431.2846491,511.0,488.0,475.0,25.0,71.0,50.0,510.55,503.2
673,1555416431.3729613,506.0,504.0,493.0,25.0,71.0,50.0,509.95,502.9
674,1555416431.4559233,495.0,504.0,530.0,30.0,71.0,55.0,509.0,503.35
675,1555416431.5314693,500.0,504.0,534.0,23.0,71.0,59.0,507.75,504.45
676,1555416431.6019359,498.0,529.0,552.0,23.0,71.0,77.0,507.1,505.35
677,1555416431.6769912,527.0,480.0,526.0,32.0,71.0,77.0,507.9,504.25
678,1555416431.7620342,510.0,487.0,520.0,32.0,71.0,77.0,507.75,503.9
679,1555416431.8429563,503.0,528.0,518.0,32.0,71.0,77.0,507.85,505.1
680,1555416431.924999,514.0,497.0,535.0,32.0,71.0,77.0,508.4,503.85
681,1555416432.00994,531.0,488.0,502.0,36.0,58.0,77.0,509.95,501.15
682,1555416432.089682,502.0,487.0,523.0,36.0,58.0,77.0,509.75,500.45
683,1555416432.1648598,512.0,511.0,520.0,36.0,58.0,77.0,509.45,501.05
684,1555416432.2350268,496.0,545.0,495.0,36.0,74.0,77.0,508.55,503.15
685,1555416432.3131804,534.0,496.0,498.0,39.0,74.0,77.0,509.55,503.0
686,1555416432.3946407,530.0,484.0,469.0,39.0,74.0,83.0,510.35,501.8
687,1555416432.467549,503.0,515.0,534.0,39.0,74.0,83.0,510.5,502.75
688,1555416432.5580387,505.0,555.0,542.0,39.0,75.0,83.0,510.05,506.95
689,1555416432.6480362,518.0,498.0,531.0,39.0,75.0,83.0,510.7,506.25
690,1555416432.7235508,519.0,498.0,504.0,39.0,75.0,83.0,511.45,504.75
691,1555416432.8021727,515.0,471.0,541.0,39.0,84.0,83.0,511.45,503.45
692,1555416432.8915389,506.0,502.0,493.0,39.0,84.0,83.0,511.2,504.15
693,1555416432.965961,491.0,517.0,479.0,43.0,84.0,83.0,510.45,504.8
694,1555416433.0561512,505.0,487.0,486.0,43.0,84.0,83.0,510.95,503.95
695,1555416433.1247244,494.0,501.0,522.0,43.0,84.0,83.0,510.65,503.8
696,1555416433.2032022,513.0,515.0,477.0,43.0,84.0,73.0,511.4,503.1
697,1555416433.3005865,512.0,503.0,486.0,43.0,84.0,73.0,510.65,504.25
698,1555416433.396813,502.0,518.0,494.0,43.0,84.0,73.0,510.25,505.8
699,1555416433.4829986,499.0,511.0,515.0,43.0,84.0,73.0,510.05,504.95
700,1555416433.5635276,514.0,509.0,500.0,43.0,84.0,73.0,510.05,505.55
701,1555416433.6384254,512.0,507.0,481.0,43.0,84.0,73.0,509.1,506.5
702,1555416433.7164779,504.0,518.0,495.0,43.0,84.0,73.0,509.2,508.05
703,1555416433.78806,500.0,495.0,493.0,43.0,84.0,73.0,508.6,507.25
704,1555416433.8596456,513.0,514.0,496.0,43.0,84.0,73.0,509.45,505.7
705,1555416433.9398198,519.0,484.0,484.0,39.0,84.0,73.0,508.7,505.1
706,1555416434.0297136,495.0,514.0,507.0,28.0,84.0,65.0,506.95,506.6
707,1555416434.1133058,508.0,526.0,545.0,28.0,84.0,68.0,507.2,507.15
708,1555416434.1907523,499.0,489.0,497.0,28.0,55.0,68.0,506.9,503.85
709,1555416434.2618177,511.0,512.0,523.0,28.0,55.0,68.0,506.55,504.55
710,1555416434.351425,507.0,483.0,503.0,28.0,55.0,68.0,505.95,503.8
711,1555416434.4291112,498.0,492.0,493.0,28.0,43.0,68.0,505.1,504.85
712,1555416434.5032,504.0,517.0,480.0,28.0,43.0,68.0,505.0,505.6
713,1555416434.5834281,507.0,508.0,513.0,25.0,43.0,68.0,505.8,505.15
714,1555416434.6596804,485.0,513.0,529.0,34.0,43.0,68.0,504.8,506.45
715,1555416434.7329447,517.0,522.0,522.0,34.0,43.0,68.0,505.95,507.5
716,1555416434.809117,506.0,516.0,526.0,34.0,43.0,65.0,505.6,507.55
717,1555416434.8824542,506.0,508.0,500.0,34.0,43.0,65.0,505.3,507.8
718,1555416434.9557025,496.0,509.0,501.0,34.0,43.0,65.0,505.0,507.35
719,1555416435.03052,502.0,500.0,496.0,34.0,43.0,65.0,505.15,506.8
720,1555416435.1082337,514.0,508.0,520.0,34.0,43.0,65.0,505.15,506.75
721,1555416435.195849,507.0,497.0,505.0,34.0,43.0,65.0,504.9,506.25
722,1555416435.288737,509.0,502.0,519.0,34.0,43.0,65.0,505.15,505.45
723,1555416435.367113,497.0,502.0,560.0,34.0,43.0,80.0,505.0,505.8
724,1555416435.449882,498.0,517.0,524.0,34.0,43.0,80.0,504.25,505.95
725,1555416435.5391762,518.0,490.0,510.0,33.0,43.0,80.0,504.2,506.25
726,1555416435.6211338,501.0,525.0,513.0,33.0,43.0,80.0,504.5,506.8
727,1555416435.7224855,515.0,486.0,505.0,33.0,42.0,80.0,504.85,504.8
728,1555416435.8119602,494.0,484.0,506.0,33.0,42.0,80.0,504.6,504.55
729,1555416435.8924108,509.0,495.0,527.0,33.0,42.0,80.0,504.5,503.7
730,1555416435.9715033,502.0,478.0,495.0,33.0,47.0,80.0,504.25,503.45
731,1555416436.0574095,508.0,486.0,518.0,33.0,47.0,80.0,504.75,503.15
732,1555416436.1346545,491.0,517.0,522.0,33.0,47.0,65.0,504.1,503.15
733,1555416436.224278,513.0,486.0,542.0,33.0,47.0,65.0,504.4,502.05
734,1555416436.296224,502.0,511.0,519.0,27.0,47.0,65.0,505.25,501.95
735,1555416436.3675568,515.0,476.0,503.0,27.0,49.0,65.0,505.15,499.65
736,1555416436.4434676,523.0,496.0,512.0,32.0,49.0,65.0,506.0,498.65
737,1555416436.5186558,511.0,509.0,489.0,32.0,49.0,71.0,506.25,498.7
738,1555416436.6021247,509.0,487.0,506.0,32.0,49.0,71.0,506.9,497.6
739,1555416436.7053876,510.0,514.0,513.0,32.0,49.0,71.0,507.3,498.3
740,1555416436.7910538,504.0,494.0,486.0,32.0,49.0,74.0,506.8,497.6
741,1555416436.870861,517.0,523.0,501.0,32.0,49.0,74.0,507.3,498.9
742,1555416436.9522197,508.0,511.0,502.0,32.0,49.0,74.0,507.25,499.35
743,1555416437.032128,508.0,514.0,492.0,32.0,49.0,56.0,507.8,499.95
744,1555416437.1135778,505.0,503.0,510.0,32.0,49.0,56.0,508.15,499.25
745,1555416437.1909697,498.0,511.0,487.0,32.0,49.0,56.0,507.15,500.3
746,1555416437.2640357,521.0,513.0,482.0,32.0,47.0,60.0,508.15,499.7
747,1555416437.339261,516.0,494.0,500.0,32.0,47.0,60.0,508.2,500.1
748,1555416437.4210856,517.0,520.0,502.0,32.0,47.0,60.0,509.35,501.9
749,1555416437.5081656,517.0,492.0,520.0,32.0,47.0,60.0,509.75,501.75
750,1555416437.5955522,508.0,487.0,542.0,32.0,47.0,60.0,510.05,502.2
751,1555416437.6750247,508.0,496.0,535.0,32.0,47.0,60.0,510.05,502.7
752,1555416437.7653875,506.0,502.0,537.0,25.0,47.0,60.0,510.8,501.95
753,1555416437.8526397,499.0,534.0,519.0,25.0,58.0,60.0,510.1,504.35
754,1555416437.9393976,507.0,527.0,496.0,25.0,58.0,60.0,510.35,505.15
755,1555416438.020917,513.0,492.0,493.0,25.0,47.0,60.0,510.25,505.95
756,1555416438.1040742,512.0,508.0,498.0,23.0,47.0,60.0,509.7,506.55
757,1555416438.1968827,522.0,522.0,507.0,24.0,47.0,60.0,510.25,507.2
758,1555416438.275213,513.0,504.0,498.0,24.0,47.0,60.0,510.45,508.05
759,1555416438.35733,511.0,515.0,496.0,24.0,47.0,60.0,510.5,508.1
760,1555416438.4334097,495.0,512.0,502.0,27.0,47.0,60.0,510.05,509.0
761,1555416438.5273497,506.0,527.0,513.0,27.0,47.0,60.0,509.5,509.2
762,1555416438.6111107,533.0,526.0,522.0,38.0,47.0,60.0,510.75,509.95
763,1555416438.6884394,517.0,501.0,512.0,38.0,47.0,60.0,511.2,509.3
764,1555416438.7634492,512.0,515.0,498.0,38.0,47.0,60.0,511.55,509.9
765,1555416438.8479939,489.0,512.0,505.0,44.0,47.0,60.0,511.1,509.95
766,1555416438.9353526,508.0,516.0,520.0,44.0,47.0,49.0,510.45,510.1
767,1555416439.0108268,508.0,519.0,500.0,44.0,47.0,49.0,510.05,511.35
768,1555416439.0937853,531.0,496.0,513.0,44.0,47.0,49.0,510.75,510.15
769,1555416439.173968,483.0,511.0,554.0,50.0,47.0,61.0,509.05,511.1
770,1555416439.2529953,517.0,506.0,533.0,50.0,42.0,61.0,509.5,512.05
771,1555416439.3418076,510.0,526.0,522.0,50.0,42.0,61.0,509.6,513.55
772,1555416439.437204,530.0,518.0,537.0,50.0,42.0,61.0,510.8,514.35
773,1555416439.5114133,519.0,495.0,496.0,50.0,35.0,61.0,511.8,512.4
774,1555416439.5929644,513.0,540.0,467.0,50.0,48.0,87.0,512.1,513.05
775,1555416439.6753435,499.0,522.0,493.0,50.0,45.0,87.0,511.4,514.55
776,1555416439.7627838,514.0,553.0,490.0,50.0,58.0,87.0,511.5,516.8
777,1555416439.8401868,509.0,509.0,515.0,50.0,58.0,87.0,510.85,516.15
778,1555416439.9396384,505.0,519.0,501.0,50.0,58.0,87.0,510.45,516.9
779,1555416440.023192,498.0,498.0,529.0,50.0,58.0,87.0,509.8,516.05
780,1555416440.0930996,496.0,491.0,530.0,50.0,62.0,87.0,509.85,515.0
781,1555416440.1666234,514.0,475.0,548.0,50.0,78.0,87.0,510.25,512.4
782,1555416440.2497294,517.0,483.0,541.0,48.0,78.0,87.0,509.45,510.25
783,1555416440.327513,521.0,481.0,512.0,48.0,78.0,87.0,509.65,509.25
784,1555416440.415609,549.0,482.0,454.0,66.0,78.0,100.0,511.5,507.6
785,1555416440.4935253,509.0,493.0,502.0,66.0,78.0,100.0,512.5,506.65
786,1555416440.5878768,499.0,509.0,494.0,66.0,78.0,100.0,512.05,506.3
787,1555416440.6919434,518.0,529.0,595.0,66.0,78.0,141.0,512.55,506.8
788,1555416440.7726994,495.0,546.0,559.0,66.0,78.0,141.0,510.75,509.3
789,1555416440.8522859,532.0,543.0,518.0,54.0,78.0,141.0,513.2,510.9
790,1555416440.9499543,506.0,483.0,495.0,54.0,78.0,141.0,512.65,509.75
791,1555416441.0337572,510.0,514.0,455.0,54.0,78.0,141.0,512.65,509.15
792,1555416441.111698,526.0,521.0,525.0,54.0,78.0,141.0,512.45,509.3
793,1555416441.191361,499.0,517.0,492.0,54.0,78.0,141.0,511.45,510.4
794,1555416441.2805214,495.0,530.0,540.0,54.0,78.0,141.0,510.55,509.9
795,1555416441.375664,518.0,455.0,511.0,54.0,98.0,141.0,511.5,506.55
796,1555416441.461645,503.0,500.0,541.0,54.0,91.0,141.0,510.95,503.9
797,1555416441.5330927,505.0,531.0,523.0,54.0,91.0,141.0,510.75,505.0
798,1555416441.6144032,524.0,523.0,502.0,54.0,91.0,141.0,511.7,505.2
799,1555416441.7114537,524.0,523.0,502.0,54.0,91.0,141.0,513.0,506.45
800,1555416441.7920303,508.0,493.0,498.0,54.0,91.0,141.0,513.6,506.55
801,1555416441.8721902,505.0,505.0,525.0,54.0,91.0,141.0,513.15,508.05
802,1555416441.950243,490.0,517.0,508.0,59.0,91.0,141.0,511.8,509.75
803,1555416442.0334797,516.0,495.0,494.0,59.0,91.0,141.0,511.55,510.45
804,1555416442.1051683,502.0,477.0,530.0,42.0,91.0,140.0,509.2,510.2
805,1555416442.176179,502.0,477.0,530.0,42.0,91.0,140.0,508.85,509.4
806,1555416442.251808,526.0,528.0,501.0,42.0,91.0,140.0,510.2,510.35
807,1555416442.3354325,508.0,493.0,498.0,42.0,91.0,104.0,509.7,508.55
808,1555416442.4054701,490.0,517.0,508.0,42.0,88.0,86.0,509.45,507.1
809,1555416442.4890735,493.0,578.0,499.0,36.0,123.0,86.0,507.5,508.85
810,1555416442.5697207,516.0,495.0,494.0,36.0,123.0,86.0,508.0,509.45
811,1555416442.6508527,502.0,477.0,530.0,36.0,123.0,49.0,507.6,507.6
812,1555416442.7321098,498.0,498.0,491.0,36.0,123.0,50.0,506.2,506.45
813,1555416442.8163953,500.0,508.0,479.0,36.0,123.0,62.0,506.25,506.0
814,1555416442.8869066,512.0,497.0,508.0,36.0,123.0,62.0,507.1,504.35
815,1555416442.9683874,485.0,500.0,506.0,41.0,101.0,62.0,505.45,506.6
816,1555416443.0522294,516.0,480.0,513.0,41.0,101.0,51.0,506.1,505.6
817,1555416443.138596,505.0,497.0,510.0,41.0,101.0,51.0,506.1,503.9
818,1555416443.216315,513.0,500.0,509.0,41.0,101.0,51.0,505.55,502.75
819,1555416443.2973683,522.0,502.0,514.0,41.0,101.0,51.0,505.45,501.7
820,1555416443.3747106,520.0,532.0,510.0,41.0,101.0,51.0,506.05,503.65
821,1555416443.4490917,504.0,508.0,520.0,41.0,101.0,51.0,506.0,503.8
822,1555416443.5243108,509.0,511.0,474.0,41.0,101.0,56.0,506.95,503.5
823,1555416443.593765,505.0,519.0,516.0,41.0,101.0,56.0,506.4,504.7
824,1555416443.673033,491.0,524.0,498.0,41.0,101.0,56.0,505.85,507.05
825,1555416443.7533062,509.0,484.0,496.0,41.0,101.0,56.0,506.2,507.4
826,1555416443.828202,493.0,521.0,479.0,37.0,101.0,56.0,504.55,507.05
827,1555416443.9222846,506.0,479.0,522.0,37.0,101.0,56.0,504.45,506.35
828,1555416443.9913146,505.0,469.0,509.0,37.0,109.0,56.0,505.2,503.95
829,1555416444.0738924,514.0,516.0,525.0,37.0,63.0,56.0,506.25,500.85
830,1555416444.1554413,512.0,496.0,501.0,37.0,63.0,56.0,506.05,500.9
831,1555416444.243374,507.0,507.0,505.0,37.0,63.0,51.0,506.3,502.4
832,1555416444.3391633,510.0,536.0,530.0,37.0,67.0,56.0,506.9,504.3
833,1555416444.4199991,513.0,499.0,517.0,37.0,67.0,56.0,507.55,503.85
834,1555416444.5218668,511.0,525.0,500.0,37.0,67.0,56.0,507.5,505.25
835,1555416444.6179054,482.0,485.0,503.0,40.0,67.0,56.0,507.35,504.5
836,1555416444.695281,512.0,519.0,531.0,40.0,67.0,57.0,507.15,506.45
837,1555416444.7767296,523.0,497.0,504.0,41.0,67.0,57.0,508.05,506.45
838,1555416444.8616476,503.0,518.0,513.0,41.0,67.0,57.0,507.55,507.35
839,1555416444.9439158,508.0,507.0,516.0,41.0,67.0,57.0,506.85,507.6
840,1555416445.032359,505.0,503.0,523.0,41.0,67.0,57.0,506.1,506.15
841,1555416445.1247692,495.0,521.0,514.0,41.0,67.0,57.0,505.65,506.8
842,1555416445.2055566,511.0,532.0,517.0,41.0,67.0,52.0,505.75,507.85
843,1555416445.2913852,515.0,501.0,504.0,41.0,67.0,52.0,506.25,506.95
844,1555416445.3812957,522.0,490.0,497.0,41.0,67.0,52.0,507.8,505.25
845,1555416445.4614236,511.0,538.0,511.0,41.0,69.0,52.0,507.9,507.95
846,1555416445.5529315,498.0,460.0,494.0,41.0,78.0,37.0,508.15,504.9
847,1555416445.6387029,510.0,512.0,503.0,41.0,78.0,37.0,508.35,506.55
848,1555416445.7173972,505.0,495.0,518.0,41.0,78.0,37.0,508.35,507.85
849,1555416445.7981129,503.0,510.0,536.0,41.0,78.0,42.0,507.8,507.55
850,1555416445.8760092,511.0,516.0,526.0,41.0,78.0,42.0,507.75,508.55
851,1555416445.9525638,508.0,514.0,531.0,41.0,78.0,42.0,507.8,508.9
852,1555416446.040536,511.0,501.0,513.0,41.0,78.0,42.0,507.85,507.15
853,1555416446.1147313,520.0,523.0,494.0,41.0,78.0,42.0,508.2,508.35
854,1555416446.1943583,505.0,496.0,510.0,41.0,78.0,42.0,507.9,506.9
855,1555416446.2666314,503.0,531.0,520.0,28.0,78.0,42.0,508.95,509.2
856,1555416446.3544269,520.0,532.0,507.0,28.0,78.0,42.0,509.35,509.85
857,1555416446.4267497,509.0,526.0,527.0,27.0,78.0,42.0,508.65,511.3
858,1555416446.4988253,516.0,524.0,504.0,27.0,78.0,42.0,509.3,511.6
859,1555416446.5756145,499.0,503.0,513.0,27.0,78.0,42.0,508.85,511.4
860,1555416446.6454828,531.0,520.0,521.0,36.0,78.0,42.0,510.15,512.25
861,1555416446.7322795,498.0,502.0,495.0,33.0,78.0,42.0,510.3,511.3
862,1555416446.8108604,498.0,519.0,543.0,33.0,78.0,49.0,509.65,510.65
863,1555416446.8872313,514.0,517.0,522.0,33.0,78.0,49.0,509.6,511.45
864,1555416446.9593892,503.0,505.0,472.0,33.0,78.0,71.0,508.65,512.2
865,1555416447.0416694,499.0,525.0,494.0,33.0,72.0,71.0,508.05,511.55
866,1555416447.1172826,513.0,497.0,525.0,33.0,37.0,71.0,508.8,513.4
867,1555416447.204336,516.0,518.0,508.0,33.0,37.0,71.0,509.1,513.7
868,1555416447.286957,506.0,505.0,501.0,33.0,36.0,71.0,509.15,514.2
869,1555416447.380882,508.0,514.0,525.0,33.0,36.0,71.0,509.4,514.4
870,1555416447.4647512,521.0,525.0,513.0,33.0,36.0,71.0,509.9,514.85
871,1555416447.5459073,520.0,499.0,501.0,33.0,36.0,71.0,510.5,514.1
872,1555416447.6235623,510.0,506.0,486.0,33.0,36.0,71.0,510.45,514.35
873,1555416447.7365088,491.0,498.0,513.0,40.0,36.0,71.0,509.0,513.1
874,1555416447.818673,512.0,513.0,541.0,40.0,35.0,71.0,509.35,513.95
875,1555416447.9104385,509.0,513.0,485.0,40.0,35.0,71.0,509.65,513.05
876,1555416447.9898722,483.0,499.0,523.0,48.0,29.0,71.0,507.8,511.4
877,1555416448.060299,505.0,497.0,510.0,48.0,28.0,71.0,507.6,509.95
878,1555416448.135044,524.0,500.0,547.0,48.0,28.0,75.0,508.0,508.75
879,1555416448.2075412,503.0,495.0,512.0,48.0,30.0,75.0,508.2,508.35
880,1555416448.277764,502.0,559.0,522.0,41.0,64.0,75.0,506.75,510.3
881,1555416448.3639426,514.0,501.0,511.0,41.0,64.0,75.0,507.55,510.25
882,1555416448.4397943,517.0,496.0,502.0,41.0,64.0,75.0,508.5,509.1
883,1555416448.522813,504.0,500.0,489.0,41.0,64.0,75.0,508.0,508.25
884,1555416448.6245933,506.0,509.0,498.0,41.0,64.0,62.0,508.15,508.45
885,1555416448.7074041,506.0,486.0,490.0,41.0,73.0,62.0,508.5,506.5
886,1555416448.7937646,508.0,487.0,504.0,41.0,73.0,62.0,508.25,506.0
887,1555416448.8692741,516.0,506.0,492.0,41.0,73.0,62.0,508.25,505.4
888,1555416448.952249,514.0,478.0,495.0,41.0,81.0,62.0,508.65,504.05
889,1555416449.0389197,502.0,510.0,507.0,41.0,81.0,62.0,508.35,503.85
890,1555416449.1191416,508.0,506.0,524.0,41.0,81.0,62.0,507.7,502.9
891,1555416449.2026918,517.0,504.0,514.0,41.0,81.0,62.0,507.55,503.15
892,1555416449.2896175,508.0,499.0,495.0,41.0,81.0,62.0,507.45,502.8
893,1555416449.3684866,502.0,492.0,508.0,41.0,81.0,62.0,508.0,502.5
894,1555416449.4507875,508.0,500.0,516.0,41.0,81.0,62.0,507.8,501.85
895,1555416449.5284073,502.0,517.0,525.0,41.0,81.0,58.0,507.45,502.05
896,1555416449.605338,486.0,507.0,499.0,38.0,81.0,58.0,507.6,502.45
897,1555416449.689149,493.0,478.0,517.0,38.0,81.0,58.0,507.0,501.5
898,1555416449.7687452,514.0,522.0,505.0,31.0,81.0,36.0,506.5,502.6
899,1555416449.839881,513.0,489.0,511.0,31.0,81.0,36.0,507.0,502.3
900,1555416449.9306135,505.0,533.0,502.0,31.0,55.0,36.0,507.15,501.0
901,1555416450.0070856,498.0,507.0,516.0,31.0,55.0,36.0,506.35,501.3
902,1555416450.089768,505.0,498.0,502.0,31.0,55.0,36.0,505.75,501.4
903,1555416450.1720488,505.0,517.0,496.0,31.0,55.0,35.0,505.8,502.25
904,1555416450.2428796,509.0,515.0,513.0,31.0,55.0,35.0,505.95,502.55
905,1555416450.3212774,523.0,538.0,497.0,37.0,60.0,33.0,506.8,505.15
906,1555416450.4029996,512.0,518.0,503.0,37.0,60.0,33.0,507.0,506.7
907,1555416450.48457,522.0,504.0,498.0,37.0,60.0,30.0,507.3,506.6
908,1555416450.5669785,516.0,482.0,512.0,37.0,60.0,30.0,507.4,506.8
909,1555416450.6523175,507.0,555.0,500.0,37.0,77.0,30.0,507.65,509.05
910,1555416450.7462661,513.0,520.0,502.0,37.0,77.0,30.0,507.9,509.75
911,1555416450.815365,505.0,489.0,530.0,37.0,77.0,35.0,507.3,509.0
912,1555416450.8911467,495.0,507.0,510.0,37.0,77.0,34.0,506.65,509.4
913,1555416450.970543,498.0,499.0,485.0,37.0,77.0,45.0,506.45,509.75
914,1555416451.0562296,513.0,513.0,485.0,37.0,77.0,45.0,506.7,510.4
915,1555416451.1376042,499.0,511.0,488.0,37.0,77.0,45.0,506.55,510.1
916,1555416451.2173824,517.0,501.0,487.0,30.0,77.0,45.0,508.1,509.8
917,1555416451.2942765,515.0,473.0,506.0,28.0,82.0,45.0,509.2,509.55
918,1555416451.3636057,520.0,495.0,499.0,28.0,82.0,45.0,509.5,508.2
919,1555416451.434813,513.0,499.0,524.0,28.0,82.0,45.0,509.5,508.7
920,1555416451.5069444,506.0,480.0,516.0,28.0,82.0,45.0,509.55,506.05
921,1555416451.5949914,492.0,531.0,527.0,31.0,82.0,45.0,509.25,507.25
922,1555416451.6753838,504.0,534.0,507.0,31.0,82.0,45.0,509.2,509.05
923,1555416451.7537966,511.0,520.0,486.0,31.0,82.0,45.0,509.5,509.2
924,1555416451.8449128,501.0,506.0,495.0,31.0,82.0,45.0,509.1,508.75
925,1555416451.9367023,498.0,485.0,509.0,30.0,82.0,45.0,507.85,506.1
926,1555416452.0366688,515.0,499.0,508.0,30.0,82.0,45.0,508.0,505.15
927,1555416452.1308606,508.0,532.0,511.0,28.0,82.0,45.0,507.3,506.55
928,1555416452.209201,527.0,518.0,513.0,35.0,82.0,45.0,507.85,508.35
929,1555416452.2790391,518.0,521.0,497.0,35.0,61.0,45.0,508.4,506.65
930,1555416452.3524954,517.0,521.0,491.0,35.0,61.0,45.0,508.6,506.7
931,1555416452.4306788,504.0,601.0,507.0,35.0,128.0,42.0,508.55,512.3
932,1555416452.510346,524.0,491.0,506.0,35.0,128.0,42.0,510.0,511.5
933,1555416452.6015947,515.0,499.0,488.0,35.0,128.0,42.0,510.85,511.5
934,1555416452.6810534,523.0,471.0,507.0,35.0,130.0,41.0,511.35,509.4
935,1555416452.7621639,519.0,457.0,494.0,35.0,144.0,41.0,512.35,506.7
936,1555416452.8343308,503.0,490.0,512.0,35.0,144.0,41.0,511.65,506.15
937,1555416452.9207602,518.0,501.0,498.0,35.0,144.0,41.0,511.8,507.55
938,1555416453.0090864,506.0,507.0,505.0,35.0,144.0,41.0,511.1,508.15
939,1555416453.0884986,503.0,489.0,502.0,35.0,144.0,41.0,510.6,507.65
940,1555416453.1657553,508.0,513.0,505.0,35.0,144.0,41.0,510.7,509.3
941,1555416453.239074,501.0,512.0,532.0,29.0,144.0,46.0,511.15,508.35
942,1555416453.3296487,504.0,504.0,506.0,29.0,144.0,46.0,511.15,506.85
943,1555416453.413528,513.0,518.0,517.0,29.0,144.0,44.0,511.25,506.75
944,1555416453.502496,498.0,520.0,511.0,29.0,144.0,44.0,511.1,507.45
945,1555416453.5917294,510.0,487.0,496.0,29.0,144.0,44.0,511.7,507.55
946,1555416453.6685655,514.0,513.0,523.0,29.0,144.0,44.0,511.65,508.25
947,1555416453.7442162,509.0,511.0,515.0,29.0,144.0,44.0,511.7,507.2
948,1555416453.8251634,507.0,538.0,521.0,26.0,144.0,44.0,510.7,508.2
949,1555416453.9074147,511.0,486.0,515.0,26.0,144.0,44.0,510.35,506.45
950,1555416454.0168784,518.0,516.0,516.0,26.0,144.0,44.0,510.4,506.2
951,1555416454.1165867,514.0,513.0,496.0,26.0,81.0,44.0,510.9,501.8
952,1555416454.1982708,510.0,503.0,492.0,25.0,81.0,44.0,510.2,502.4
953,1555416454.275969,523.0,502.0,499.0,25.0,81.0,40.0,510.6,502.55
954,1555416454.370562,505.0,514.0,512.0,25.0,81.0,40.0,509.7,504.7
955,1555416454.4760244,496.0,534.0,527.0,27.0,52.0,40.0,508.55,508.55
956,1555416454.560602,537.0,499.0,564.0,41.0,52.0,72.0,510.25,509.0
957,1555416454.6527367,506.0,501.0,513.0,41.0,52.0,72.0,509.65,509.0
958,1555416454.743554,508.0,523.0,505.0,41.0,52.0,72.0,509.75,509.8
959,1555416454.8223972,510.0,518.0,502.0,41.0,52.0,72.0,510.1,511.25
960,1555416454.9074514,512.0,502.0,507.0,41.0,52.0,72.0,510.3,510.7
961,1555416454.9843762,494.0,530.0,519.0,43.0,52.0,72.0,509.95,511.6
962,1555416455.0741854,504.0,528.0,507.0,43.0,52.0,72.0,509.95,512.8
963,1555416455.152183,501.0,499.0,517.0,43.0,52.0,72.0,509.35,511.85
964,1555416455.2408874,522.0,548.0,503.0,43.0,62.0,72.0,510.55,513.25
965,1555416455.3204248,509.0,512.0,520.0,43.0,62.0,72.0,510.5,514.5
966,1555416455.4034748,509.0,543.0,492.0,43.0,62.0,72.0,510.25,516.0
967,1555416455.4804478,507.0,481.0,487.0,43.0,67.0,77.0,510.15,514.5
968,1555416455.5594404,509.0,503.0,502.0,43.0,67.0,77.0,510.25,512.75
969,1555416455.6340027,513.0,491.0,494.0,43.0,67.0,77.0,510.35,513.0
970,1555416455.714526,516.0,509.0,536.0,43.0,67.0,77.0,510.25,512.65
971,1555416455.7917812,525.0,500.0,553.0,43.0,67.0,77.0,510.8,512.0
972,1555416455.8721502,484.0,513.0,520.0,53.0,67.0,77.0,509.5,512.5
973,1555416455.9585419,502.0,498.0,527.0,53.0,67.0,77.0,508.45,512.3
974,1555416456.0457728,502.0,501.0,502.0,53.0,67.0,77.0,508.3,511.65
975,1555416456.1208825,489.0,533.0,502.0,53.0,67.0,77.0,507.95,511.6
976,1555416456.195859,506.0,500.0,512.0,41.0,67.0,66.0,506.4,511.65
977,1555416456.275754,528.0,507.0,519.0,44.0,67.0,66.0,507.5,511.95
978,1555416456.3728163,524.0,520.0,509.0,44.0,67.0,66.0,508.3,511.8
979,1555416456.4484513,498.0,509.0,532.0,44.0,67.0,66.0,507.7,511.35
980,1555416456.5406353,498.0,526.0,480.0,44.0,67.0,73.0,507.0,512.55
981,1555416456.6219394,515.0,539.0,500.0,44.0,67.0,73.0,508.05,513.0
982,1555416456.7020545,515.0,510.0,509.0,44.0,67.0,73.0,508.6,512.1
983,1555416456.783278,521.0,494.0,525.0,44.0,67.0,73.0,509.6,511.85
984,1555416456.867557,507.0,514.0,499.0,44.0,62.0,73.0,508.85,510.15
985,1555416456.9563608,510.0,493.0,497.0,44.0,62.0,73.0,508.9,509.2
986,1555416457.0348957,505.0,514.0,499.0,44.0,58.0,73.0,508.7,507.75
987,1555416457.1102035,512.0,512.0,524.0,44.0,48.0,73.0,508.95,509.3
988,1555416457.1816568,514.0,501.0,499.0,44.0,48.0,73.0,509.2,509.2
989,1555416457.274092,500.0,498.0,489.0,44.0,46.0,73.0,508.55,509.55
990,1555416457.362616,482.0,514.0,510.0,46.0,46.0,73.0,506.85,509.8
991,1555416457.4509938,512.0,493.0,518.0,46.0,46.0,52.0,506.2,509.45
992,1555416457.5245245,512.0,514.0,484.0,46.0,46.0,52.0,507.6,509.5
993,1555416457.6066408,512.0,507.0,512.0,46.0,46.0,52.0,508.1,509.95
994,1555416457.7113655,512.0,522.0,538.0,46.0,46.0,58.0,508.6,511.0
995,1555416457.7925332,517.0,501.0,518.0,46.0,46.0,58.0,510.0,509.4
996,1555416457.877292,519.0,516.0,498.0,46.0,46.0,58.0,510.65,510.2
997,1555416457.9739745,500.0,484.0,518.0,42.0,55.0,58.0,509.25,509.05
998,1555416458.065841,508.0,516.0,504.0,39.0,55.0,58.0,508.45,508.85
999,1555416458.1462607,500.0,508.0,511.0,39.0,55.0,58.0,508.55,508.8
1000,1555416458.2284467,496.0,507.0,529.0,39.0,55.0,54.0,508.45,507.85
1001,1555416458.3303306,515.0,509.0,503.0,39.0,38.0,54.0,508.45,506.35
1002,1555416458.4133582,546.0,524.0,510.0,64.0,40.0,54.0,510.0,507.05
1003,1555416458.5020635,500.0,510.0,493.0,64.0,40.0,54.0,508.95,507.85
1004,1555416458.5718877,506.0,536.0,510.0,64.0,52.0,54.0,508.9,508.95
1005,1555416458.6501553,522.0,532.0,502.0,64.0,52.0,54.0,509.5,510.9
1006,1555416458.7284882,512.0,473.0,509.0,64.0,63.0,54.0,509.85,508.85
1007,1555416458.7979019,538.0,523.0,515.0,64.0,63.0,54.0,511.15,509.4
1008,1555416458.8910086,514.0,501.0,501.0,64.0,63.0,54.0,511.15,509.4
1009,1555416458.9835532,507.0,520.0,514.0,64.0,63.0,54.0,511.5,510.5
1010,1555416459.05862,528.0,509.0,520.0,50.0,63.0,54.0,513.8,510.25
1011,1555416459.151894,517.0,519.0,506.0,50.0,63.0,54.0,514.05,511.55
1012,1555416459.2473364,518.0,525.0,512.0,50.0,63.0,45.0,514.35,512.1
1013,1555416459.3195508,519.0,513.0,491.0,50.0,63.0,47.0,514.7,512.4
1014,1555416459.3940449,505.0,517.0,493.0,50.0,63.0,38.0,514.35,512.15
1015,1555416459.474672,511.0,535.0,519.0,50.0,63.0,38.0,514.05,513.85
1016,1555416459.5864477,495.0,527.0,536.0,51.0,63.0,45.0,512.85,514.4
1017,1555416459.6801884,515.0,510.0,490.0,51.0,63.0,46.0,513.6,515.7
1018,1555416459.7659545,502.0,523.0,516.0,51.0,63.0,46.0,513.3,516.05
1019,1555416459.8456054,508.0,515.0,509.0,51.0,63.0,46.0,513.7,516.4
1020,1555416459.9400244,511.0,499.0,497.0,51.0,63.0,46.0,514.45,516.0
1021,1555416460.0246544,525.0,501.0,475.0,51.0,63.0,61.0,514.95,515.6
1022,1555416460.106023,522.0,517.0,493.0,43.0,63.0,61.0,513.75,515.25
1023,1555416460.1874094,499.0,496.0,503.0,43.0,63.0,61.0,513.7,514.55
1024,1555416460.2792807,498.0,531.0,511.0,43.0,62.0,61.0,513.3,514.3
1025,1555416460.3671412,493.0,532.0,521.0,45.0,62.0,61.0,511.85,514.3
1026,1555416460.4581785,493.0,520.0,509.0,45.0,39.0,61.0,510.9,516.65
1027,1555416460.5422428,506.0,493.0,492.0,35.0,42.0,61.0,509.3,515.15
1028,1555416460.6295733,512.0,512.0,504.0,35.0,42.0,61.0,509.2,515.7
1029,1555416460.713785,513.0,518.0,510.0,35.0,42.0,61.0,509.5,515.6
1030,1555416460.8069339,511.0,501.0,505.0,32.0,42.0,61.0,508.65,515.2
1031,1555416460.9028213,521.0,504.0,510.0,32.0,42.0,61.0,508.85,514.45
1032,1555416460.9717858,526.0,534.0,486.0,33.0,42.0,61.0,509.25,514.9
1033,1555416461.0543072,515.0,491.0,520.0,33.0,44.0,61.0,509.05,513.8
1034,1555416461.1360908,497.0,489.0,536.0,33.0,46.0,61.0,508.65,512.4
1035,1555416461.2139082,515.0,521.0,516.0,33.0,45.0,61.0,508.85,511.7
1036,1555416461.2999885,522.0,497.0,527.0,33.0,45.0,61.0,510.2,510.2
1037,1555416461.3788116,513.0,504.0,500.0,33.0,45.0,61.0,510.1,509.9
1038,1555416461.4559383,506.0,485.0,503.0,33.0,49.0,61.0,510.3,508.0
1039,1555416461.5351014,511.0,502.0,497.0,33.0,49.0,61.0,510.45,507.35
1040,1555416461.612137,519.0,503.0,513.0,33.0,49.0,61.0,510.85,507.55
1041,1555416461.6931953,504.0,531.0,516.0,33.0,49.0,50.0,509.8,509.05
1042,1555416461.7726085,518.0,510.0,511.0,33.0,49.0,50.0,509.6,508.7
1043,1555416461.8457325,513.0,526.0,514.0,33.0,49.0,50.0,510.3,510.2
1044,1555416461.9375174,491.0,504.0,526.0,35.0,49.0,50.0,509.95,508.85
1045,1555416462.0269756,498.0,491.0,520.0,35.0,49.0,50.0,510.2,506.8
1046,1555416462.104288,500.0,500.0,529.0,35.0,49.0,50.0,510.55,505.8
1047,1555416462.18443,492.0,495.0,510.0,35.0,49.0,50.0,509.85,505.9
1048,1555416462.2804952,510.0,480.0,521.0,35.0,54.0,50.0,509.75,504.3
1049,1555416462.3533926,504.0,519.0,507.0,35.0,54.0,50.0,509.3,504.35
1050,1555416462.4393156,507.0,528.0,517.0,35.0,54.0,50.0,509.1,505.7
1051,1555416462.5205488,499.0,502.0,513.0,35.0,54.0,50.0,508.0,505.6
1052,1555416462.5931826,506.0,507.0,498.0,31.0,51.0,39.0,507.0,504.25
1053,1555416462.6624234,508.0,538.0,507.0,31.0,58.0,39.0,506.65,506.6
